City_ID,City,Country,Date,Lat,Lng,Max Temp,Humidity,Cloudiness,Wind Speed
0,Turka,UA,2021-10-31 23:44:16,49.1541,23.0297,41.94,63,0,5.68
1,Margate,GB,2021-10-31 23:44:16,51.3813,1.3862,52.7,77,29,4.0
2,Chiojdeanca,RO,2021-10-31 23:44:17,45.1667,26.2667,47.52,66,94,1.66
3,Bethel,US,2021-10-31 23:44:17,41.3712,-73.414,58.93,87,90,9.22
4,Saint-Pierre,RE,2021-10-31 23:40:19,-21.3393,55.4781,68.29,77,0,5.75
5,Severo-Kurilsk,RU,2021-10-31 23:44:17,50.6789,156.125,35.51,55,98,26.49
6,Hovd,MN,2021-10-31 23:43:21,48.0056,91.6419,34.5,41,84,14.32
7,Wewak,PG,2021-10-31 23:44:18,-3.5534,143.6268,79.45,91,100,9.8
8,Beringovskiy,RU,2021-10-31 23:44:18,63.05,179.3167,7.34,89,98,13.22
9,Homer,US,2021-10-31 23:44:18,59.6425,-151.5483,49.89,62,75,3.44
10,Hithadhoo,MV,2021-10-31 23:44:18,-0.6,73.0833,81.86,78,100,19.08
11,Srednekolymsk,RU,2021-10-31 23:44:19,67.45,153.6833,-7.15,98,90,5.57
12,Hobart,AU,2021-10-31 23:44:19,-42.8794,147.3294,62.02,58,75,5.99
13,Ushuaia,AR,2021-10-31 23:42:52,-54.8,-68.3,47.86,71,0,6.91
14,Ponta Do Sol,PT,2021-10-31 23:44:19,32.6667,-17.1,74.03,77,58,4.29
15,Nikolskoye,RU,2021-10-31 23:44:20,59.7035,30.7861,47.01,85,93,7.76
16,Atuona,PF,2021-10-31 23:43:33,-9.8,-139.0333,78.94,73,3,17.45
17,Bengkulu,ID,2021-10-31 23:40:07,-3.8004,102.2655,77.63,85,100,4.18
18,Tiksi,RU,2021-10-31 23:44:20,71.6872,128.8694,14.18,81,100,11.72
19,Saint-Augustin,CA,2021-10-31 23:44:20,51.226,-58.6502,44.51,67,98,6.64
20,Uchaly,RU,2021-10-31 23:44:21,54.2996,59.4521,41.0,84,100,9.75
21,Swift Current,CA,2021-10-31 23:44:21,50.2834,-107.8014,34.61,51,1,14.97
22,Asau,RO,2021-10-31 23:44:21,46.4333,26.4,43.72,88,0,3.06
23,Mataura,NZ,2021-10-31 23:40:08,-46.1927,168.8643,62.49,45,78,11.21
24,Lagoa,PT,2021-10-31 23:44:22,39.05,-27.9833,69.26,89,100,2.08
25,Albany,US,2021-10-31 23:41:27,42.6001,-73.9662,56.23,79,98,1.01
26,Lompoc,US,2021-10-31 23:44:22,34.6391,-120.4579,69.69,72,1,17.27
27,Busselton,AU,2021-10-31 23:44:22,-33.65,115.3333,57.04,63,96,17.54
28,Punta Arenas,CL,2021-10-31 23:44:23,-53.15,-70.9167,51.91,54,0,20.71
29,Vaini,TO,2021-10-31 23:41:16,-21.2,-175.2,80.76,83,20,9.22
30,Ilulissat,GL,2021-10-31 23:43:49,69.2167,-51.1,33.82,86,75,14.97
31,Awjilah,LY,2021-10-31 23:44:23,29.1081,21.2869,65.34,82,67,7.0
32,Kirakira,SB,2021-10-31 23:44:24,-10.4544,161.9205,86.41,63,68,11.88
33,Torbay,CA,2021-10-31 23:44:24,47.6666,-52.7314,44.28,93,90,20.71
34,Payakumbuh,ID,2021-10-31 23:44:24,-0.2202,100.6308,70.41,97,100,1.68
35,Butaritari,KI,2021-10-31 23:41:26,3.0707,172.7902,81.18,78,29,10.76
36,Mahebourg,MU,2021-10-31 23:41:43,-20.4081,57.7,70.25,94,40,3.44
37,Cuauhtemoc,MX,2021-10-31 23:39:54,28.4167,-106.8667,64.71,20,95,3.18
38,Hermanus,ZA,2021-10-31 23:44:25,-34.4187,19.2345,61.9,83,100,10.94
39,Saint-Philippe,RE,2021-10-31 23:40:16,-21.3585,55.7679,68.22,87,47,11.45
40,Nishihara,JP,2021-10-31 23:44:25,26.1842,127.7558,76.28,78,40,0.0
41,Jamestown,US,2021-10-31 23:41:28,42.097,-79.2353,53.19,84,90,10.0
42,Upernavik,GL,2021-10-31 23:40:35,72.7868,-56.1549,28.96,82,100,16.13
43,Vila Franca Do Campo,PT,2021-10-31 23:44:26,37.7167,-25.4333,73.2,94,100,8.41
44,Tolaga Bay,NZ,2021-10-31 23:44:26,-38.3667,178.3,62.08,57,97,9.75
45,Sitka,US,2021-10-31 23:41:01,57.0531,-135.33,53.49,35,75,11.5
46,San Patricio,US,2021-10-31 23:45:26,28.017,-97.5169,82.49,54,0,9.75
47,Chokurdakh,RU,2021-10-31 23:45:26,70.6333,147.9167,-11.47,100,99,6.4
48,Lovington,US,2021-10-31 23:45:27,32.944,-103.3485,63.64,43,58,1.01
49,Hay River,CA,2021-10-31 23:45:27,60.8156,-115.7999,35.58,64,75,8.05
50,Port Elizabeth,ZA,2021-10-31 23:43:23,-33.918,25.5701,64.09,94,0,4.61
51,Geraldton,AU,2021-10-31 23:44:40,-28.7667,114.6,64.81,68,40,18.41
52,Rikitea,PF,2021-10-31 23:45:28,-23.1203,-134.9692,72.93,83,81,16.31
53,Harper,LR,2021-10-31 23:45:28,4.375,-7.7169,77.86,86,57,8.9
54,Alofi,NU,2021-10-31 23:45:28,-19.0595,-169.9187,76.89,83,59,14.97
55,Akyab,MM,2021-10-31 23:45:29,20.15,92.9,75.79,88,55,5.64
56,Tumaco,CO,2021-10-31 23:45:29,1.7986,-78.8156,76.23,80,47,6.6
57,Brigantine,US,2021-10-31 23:45:29,39.4101,-74.3646,61.02,82,1,6.91
58,East London,ZA,2021-10-31 23:45:29,-33.0153,27.9116,65.3,83,62,13.15
59,Isangel,VU,2021-10-31 23:45:30,-19.55,169.2667,79.41,70,53,12.26
60,Olinda,BR,2021-10-31 23:45:30,-8.0089,-34.8553,80.33,74,20,6.91
61,Tuktoyaktuk,CA,2021-10-31 23:45:30,69.4541,-133.0374,30.2,74,75,14.97
62,Klaksvik,FO,2021-10-31 23:45:31,62.2266,-6.589,38.32,64,100,5.14
63,Lucapa,AO,2021-10-31 23:45:31,-8.4192,20.7447,65.23,98,98,2.39
64,Caravelas,BR,2021-10-31 23:45:31,-17.7125,-39.2481,75.33,82,90,8.52
65,Were Ilu,ET,2021-10-31 23:45:32,10.6,39.4333,47.64,92,58,6.89
66,Ponta Delgada,PT,2021-10-31 23:45:32,37.7333,-25.6667,73.51,100,75,10.36
67,Guarapari,BR,2021-10-31 23:45:13,-20.6667,-40.4975,71.49,96,100,14.27
68,Thompson,CA,2021-10-31 23:45:32,55.7435,-97.8558,30.36,86,90,10.36
69,Bubaque,GW,2021-10-31 23:45:33,11.2833,-15.8333,82.8,76,26,11.61
70,Lavrentiya,RU,2021-10-31 23:45:33,65.5833,-171.0,13.51,79,10,10.42
71,Avarua,CK,2021-10-31 23:41:46,-21.2078,-159.775,78.85,69,20,14.97
72,Nago,JP,2021-10-31 23:45:33,26.5881,127.9761,77.16,68,39,11.48
73,Saint George,US,2021-10-31 23:44:27,37.1041,-113.5841,77.95,28,1,4.0
74,Carnarvon,AU,2021-10-31 23:41:13,-24.8667,113.6333,68.07,64,75,20.71
75,Dikson,RU,2021-10-31 23:41:42,73.5069,80.5464,5.92,93,100,11.5
76,Troy,US,2021-10-31 23:41:49,42.6056,-83.1499,53.55,82,90,10.0
77,Cape Town,ZA,2021-10-31 23:45:34,-33.9258,18.4232,65.08,71,20,3.0
78,Port Alfred,ZA,2021-10-31 23:45:34,-33.5906,26.891,66.22,82,85,15.5
79,Camana,PE,2021-10-31 23:45:35,-16.6228,-72.7111,67.5,75,32,4.9
80,Port Shepstone,ZA,2021-10-31 23:45:35,-30.7414,30.455,65.7,88,34,8.75
81,Colac,AU,2021-10-31 23:45:36,-38.3333,143.5833,63.01,57,8,3.44
82,Novikovo,RU,2021-10-31 23:45:36,51.1537,37.8879,40.23,62,0,3.8
83,Bluff,NZ,2021-10-31 23:45:36,-46.6,168.3333,55.53,73,96,28.54
84,Katsuura,JP,2021-10-31 23:45:37,35.1333,140.3,65.1,84,93,7.09
85,Beloha,MG,2021-10-31 23:45:37,-25.1667,45.05,71.35,78,87,3.31
86,Khatanga,RU,2021-10-31 23:41:18,71.9667,102.5,5.63,96,100,11.65
87,Iqaluit,CA,2021-10-31 23:45:37,63.7506,-68.5145,31.73,80,90,8.99
88,Puerto Ayora,EC,2021-10-31 23:45:38,-0.7393,-90.3518,69.96,87,35,8.43
89,Sale,MA,2021-10-31 23:46:38,34.0389,-6.8166,65.75,100,75,0.0
90,Qaanaaq,GL,2021-10-31 23:46:38,77.484,-69.3632,14.25,67,100,8.57
91,Westport,US,2021-10-31 23:45:35,41.1415,-73.3579,60.94,88,90,1.01
92,Sheregesh,RU,2021-10-31 23:46:39,52.9209,87.9869,26.02,93,100,14.47
93,Grande Prairie,CA,2021-10-31 23:45:35,55.1667,-118.8027,35.78,41,20,3.44
94,Balikpapan,ID,2021-10-31 23:46:39,-1.2675,116.8289,79.79,94,20,4.61
95,Victoria,HK,2021-10-31 23:44:00,22.2855,114.1577,77.38,82,84,7.0
96,Mar Del Plata,AR,2021-10-31 23:46:40,-38.0023,-57.5575,55.99,88,90,1.99
97,Sungaipenuh,ID,2021-10-31 23:46:40,-2.0833,101.3833,67.32,94,100,1.81
98,Sarakhs,IR,2021-10-31 23:46:40,36.5449,61.1577,46.89,67,18,3.65
99,Kaitangata,NZ,2021-10-31 23:46:41,-46.2817,169.8464,62.87,42,64,10.42
100,Cap-Aux-Meules,CA,2021-10-31 23:44:02,47.3821,-61.8597,53.65,87,90,18.41
101,Kapaa,US,2021-10-31 23:46:41,22.0752,-159.319,82.38,77,20,1.99
102,Hojslev,DK,2021-10-31 23:46:41,56.5857,9.1364,55.04,93,100,7.0
103,Yerofey Pavlovich,RU,2021-10-31 23:46:42,53.9667,121.9667,24.66,55,99,0.96
104,Orcopampa,PE,2021-10-31 23:46:42,-15.2661,-72.3417,49.35,40,95,7.9
105,Zimovniki,RU,2021-10-31 23:46:42,47.1483,42.4633,46.38,85,25,10.07
106,Saryozek,KZ,2021-10-31 23:46:42,44.3583,77.9753,39.52,63,95,4.74
107,Vila Velha,BR,2021-10-31 23:46:43,-20.3297,-40.2925,71.55,94,90,1.14
108,Shitkino,RU,2021-10-31 23:46:43,56.3703,98.3543,33.17,81,100,4.99
109,Beya,RU,2021-10-31 23:46:43,53.0533,90.9139,31.69,69,81,23.94
110,Udachnyy,RU,2021-10-31 23:44:31,66.4167,112.4,5.32,85,62,16.67
111,Berlevag,NO,2021-10-31 23:46:44,70.8578,29.0864,35.58,79,56,21.3
112,Shingu,JP,2021-10-31 23:46:44,33.7333,135.9833,67.19,66,67,2.33
113,Pangoa,PE,2021-10-31 23:46:44,-12.1167,-73.0,71.83,86,77,2.42
114,Creel,MX,2021-10-31 23:46:45,27.75,-107.6333,56.52,45,87,7.58
115,Ballina,AU,2021-10-31 23:44:46,-28.8667,153.5667,71.78,63,90,10.36
116,Ahipara,NZ,2021-10-31 23:46:45,-35.1667,173.1667,60.8,66,74,13.06
117,Ucluelet,CA,2021-10-31 23:42:32,48.9329,-125.5528,54.09,72,0,1.99
118,Moron,AR,2021-10-31 23:46:46,-34.6534,-58.6198,65.89,79,95,8.01
119,Frutal,BR,2021-10-31 23:43:37,-20.0247,-48.9406,66.36,95,76,6.46
120,Tasiilaq,GL,2021-10-31 23:46:46,65.6145,-37.6368,24.96,59,44,6.64
121,New Norfolk,AU,2021-10-31 23:46:47,-42.7826,147.0587,61.66,53,100,4.0
122,Marrakesh,MA,2021-10-31 23:46:47,31.6315,-8.0083,64.47,63,8,5.75
123,Arraial Do Cabo,BR,2021-10-31 23:46:47,-22.9661,-42.0278,70.59,92,100,19.53
124,San-Pedro,CI,2021-10-31 23:44:41,4.7485,-6.6363,77.54,89,81,9.15
125,Biloela,AU,2021-10-31 23:46:47,-24.4167,150.5,78.46,44,57,11.39
126,Barrow,US,2021-10-31 23:46:48,71.2906,-156.7887,28.42,86,90,18.41
127,Sao Filipe,CV,2021-10-31 23:46:48,14.8961,-24.4956,79.57,76,97,5.21
128,Chuy,UY,2021-10-31 23:46:48,-33.6971,-53.4616,63.82,97,46,7.81
129,Port-Cartier,CA,2021-10-31 23:46:49,50.0334,-66.8654,48.42,96,100,20.15
130,Carutapera,BR,2021-10-31 23:46:49,-1.195,-46.02,77.23,90,66,5.61
131,Anadyr,RU,2021-10-31 23:46:49,64.75,177.4833,-7.01,76,86,15.01
132,Taoudenni,ML,2021-10-31 23:42:05,22.6783,-3.9836,80.46,18,0,11.07
133,Clyde River,CA,2021-10-31 23:46:50,70.4692,-68.5914,19.83,83,100,9.66
134,Pisco,PE,2021-10-31 23:46:50,-13.7,-76.2167,64.45,82,0,20.71
135,Miandrivazo,MG,2021-10-31 23:46:50,-19.5167,45.4667,72.48,77,1,1.9
136,Rio Grande City,US,2021-10-31 23:47:51,26.3798,-98.8203,85.75,45,0,14.56
137,Norman Wells,CA,2021-10-31 23:47:30,65.282,-126.8329,24.84,93,75,2.3
138,Tura,IN,2021-10-31 23:47:51,25.5198,90.2201,59.9,73,0,3.4
139,Codrington,AU,2021-10-31 23:47:51,-38.2667,141.9667,61.43,64,7,2.84
140,Ancud,CL,2021-10-31 23:45:44,-41.8697,-73.8203,67.53,79,52,6.04
141,Te Anau,NZ,2021-10-31 23:45:46,-45.4167,167.7167,52.7,75,83,7.45
142,Usevya,TZ,2021-10-31 23:47:52,-7.1,31.2333,68.85,85,100,3.06
143,Lethem,GY,2021-10-31 23:44:29,3.3803,-59.7968,79.63,74,99,5.23
144,Pandhana,IN,2021-10-31 23:47:52,21.7,76.2167,61.66,56,6,3.76
145,Iskele,TR,2021-10-31 23:47:53,39.484,26.9278,60.89,67,75,12.66
146,Acari,PE,2021-10-31 23:47:53,-15.4311,-74.6158,69.96,67,1,4.27
147,Cidreira,BR,2021-10-31 23:47:54,-30.1811,-50.2056,67.98,88,9,21.23
148,Lorengau,PG,2021-10-31 23:47:54,-2.0226,147.2712,81.36,83,100,12.39
149,Sabang,ID,2021-10-31 23:47:54,5.8933,95.3214,80.64,77,92,5.12
150,Havre-Saint-Pierre,CA,2021-10-31 23:47:54,50.2334,-63.5986,50.0,100,90,14.97
151,Seoul,KR,2021-10-31 23:46:17,37.5683,126.9778,57.61,100,20,2.3
152,Kavieng,PG,2021-10-31 23:47:55,-2.5744,150.7967,86.0,64,96,16.87
153,San Quintin,MX,2021-10-31 23:47:55,30.4833,-115.95,65.23,74,2,10.63
154,Esperance,AU,2021-10-31 23:47:56,-33.8667,121.9,69.64,47,100,11.45
155,Worthington,US,2021-10-31 23:45:04,40.0931,-83.018,57.97,73,90,1.01
156,Kapit,MY,2021-10-31 23:47:56,2.0167,112.9333,76.39,95,81,1.16
157,Aykhal,RU,2021-10-31 23:47:57,66.0,111.5,4.98,94,100,21.85
158,Dicabisagan,PH,2021-10-31 23:47:57,17.0818,122.4157,79.77,80,66,9.22
159,Kendari,ID,2021-10-31 23:47:57,-3.945,122.4989,82.42,80,87,2.13
160,Castro,BR,2021-10-31 23:47:58,-24.7911,-50.0119,58.93,97,97,6.6
161,Narsaq,GL,2021-10-31 23:47:58,60.9167,-46.05,26.82,65,57,7.74
162,Umm Kaddadah,SD,2021-10-31 23:47:58,13.6017,26.6876,84.15,19,20,17.05
163,Krasnoarmeyskiy,RU,2021-10-31 23:47:58,47.0114,42.2072,45.14,90,13,9.13
164,Ormara,PK,2021-10-31 23:47:59,25.2088,64.6357,79.92,33,1,14.18
165,Mokhotlong,LS,2021-10-31 23:47:59,-29.2894,29.0675,51.96,56,64,2.28
166,Yellowknife,CA,2021-10-31 23:43:04,62.456,-114.3525,32.56,96,75,11.5
167,Cabedelo,BR,2021-10-31 23:48:00,-6.9811,-34.8339,79.47,76,69,13.94
168,Touros,BR,2021-10-31 23:48:00,-5.1989,-35.4608,81.5,77,60,15.86
169,Tezu,IN,2021-10-31 23:48:00,27.9167,96.1667,68.56,53,96,2.01
170,Santo Tomas,PH,2021-10-31 23:48:01,14.1079,121.1414,79.54,78,36,8.28
171,Vestmannaeyjar,IS,2021-10-31 23:48:01,63.4427,-20.2734,37.56,69,41,25.43
172,Tafresh,IR,2021-10-31 23:48:02,34.692,50.013,54.43,54,76,1.97
173,Port Lincoln,AU,2021-10-31 23:48:02,-34.7333,135.8667,70.7,41,0,9.17
174,Quelimane,MZ,2021-10-31 23:48:03,-17.8786,36.8883,76.95,88,20,3.0
175,Kodiak,US,2021-10-31 23:48:03,57.79,-152.4072,42.28,93,100,3.83
176,Manado,ID,2021-10-31 23:48:03,1.487,124.8455,83.17,78,20,0.0
177,Staryy Nadym,RU,2021-10-31 23:48:04,65.6118,72.6842,5.14,96,49,5.17
178,Tosya,TR,2021-10-31 23:48:04,41.0155,34.0401,49.55,70,96,1.7
179,Brownsville,US,2021-10-31 23:45:03,25.9018,-97.4975,82.51,61,40,4.0
180,Grindavik,IS,2021-10-31 23:48:04,63.8424,-22.4338,37.35,86,75,23.02
181,Genhe,CN,2021-10-31 23:49:05,50.7833,121.5167,23.65,47,30,2.68
182,Eenhana,NA,2021-10-31 23:49:05,-17.4667,16.3333,70.61,18,20,2.3
183,Sur,OM,2021-10-31 23:49:06,22.5667,59.5289,81.64,55,0,9.4
184,Lebu,CL,2021-10-31 23:46:04,-37.6167,-73.65,52.02,93,72,7.23
185,Oriximina,BR,2021-10-31 23:49:06,-1.7656,-55.8661,80.51,72,78,2.37
186,Banda Aceh,ID,2021-10-31 23:49:07,5.5577,95.3222,78.04,83,98,4.61
187,Goderich,CA,2021-10-31 23:49:07,43.7501,-81.7165,50.92,87,57,16.11
188,Beihai,CN,2021-10-31 23:49:08,21.4833,109.1,71.83,88,91,10.56
189,Petropavlovsk-Kamchatskiy,RU,2021-10-31 23:49:08,53.0452,158.6483,32.59,47,40,4.47
190,Puro,PH,2021-10-31 23:49:08,12.4841,123.3827,82.27,74,19,13.47
191,Hualmay,PE,2021-10-31 23:49:09,-11.0964,-77.6139,64.49,82,10,9.82
192,Chapleau,CA,2021-10-31 23:45:34,47.8405,-83.4034,35.69,93,75,6.91
193,Dudinka,RU,2021-10-31 23:49:09,69.4058,86.1778,-11.49,100,95,5.37
194,Delta Del Tigre,UY,2021-10-31 23:49:10,-34.7633,-56.3853,62.71,89,99,16.24
195,Faanui,PF,2021-10-31 23:49:10,-16.4833,-151.75,78.82,73,95,16.04
196,Pio Ix,BR,2021-10-31 23:49:10,-6.8375,-40.5792,81.12,52,99,4.79
197,Tres Arroyos,AR,2021-10-31 23:48:37,-38.3739,-60.2798,51.12,75,97,8.41
198,Georgetown,MY,2021-10-31 23:44:45,5.4112,100.3354,77.9,93,20,3.0
199,Kutum,SD,2021-10-31 23:49:11,14.2,24.6667,75.45,22,57,12.84
200,Moree,AU,2021-10-31 23:49:11,-29.4667,149.85,69.82,46,96,13.8
201,Moose Factory,CA,2021-10-31 23:47:20,51.2585,-80.6094,39.2,100,90,4.61
202,Ruidoso,US,2021-10-31 23:49:12,33.3317,-105.673,66.06,42,1,9.22
203,Tinyahuarco,PE,2021-10-31 23:49:12,-10.75,-76.3,40.51,89,94,5.08
204,Astoria,US,2021-10-31 23:44:21,46.1879,-123.8313,62.85,40,1,1.01
205,Omboue,GA,2021-10-31 23:49:12,-1.5746,9.2618,76.23,91,100,6.64
206,Srandakan,ID,2021-10-31 23:49:12,-7.9386,110.2506,78.22,88,100,2.39
207,Grand Gaube,MU,2021-10-31 23:49:13,-20.0064,57.6608,70.38,82,6,4.0
208,Pedasi,PA,2021-10-31 23:49:13,7.5333,-80.0333,77.07,84,82,3.78
209,Nhulunbuy,AU,2021-10-31 23:49:13,-12.2333,136.7667,88.41,66,75,10.36
210,Byron Bay,AU,2021-10-31 23:49:14,-28.65,153.6167,72.05,52,100,7.27
211,Shelburne,CA,2021-10-31 23:45:34,44.0787,-80.2041,48.65,92,16,14.65
212,Kilindoni,TZ,2021-10-31 23:49:14,-7.9139,39.6668,79.75,77,10,13.0
213,Maceio,BR,2021-10-31 23:46:06,-9.6658,-35.7353,78.24,88,20,6.91
214,Jumla,NP,2021-10-31 23:49:15,29.2747,82.1838,41.09,58,0,3.94
215,Indian Head,US,2021-10-31 23:49:15,38.6001,-77.1622,61.29,69,1,4.61
216,Luderitz,NA,2021-10-31 23:49:15,-26.6481,15.1594,60.96,76,71,6.44
217,Menongue,AO,2021-10-31 23:49:16,-14.6585,17.691,64.51,84,96,3.22
218,Bullhead City,US,2021-10-31 23:49:16,35.1478,-114.5683,87.12,18,75,13.8
219,Qingyuan,CN,2021-10-31 23:49:16,23.7,113.0333,67.98,85,100,3.85
220,Am Timan,TD,2021-10-31 23:49:16,11.0297,20.2827,77.74,34,82,3.71
221,La Ronge,CA,2021-10-31 23:49:17,55.1001,-105.2842,32.25,64,75,6.91
222,Tevaitoa,PF,2021-10-31 23:49:17,-16.7833,-151.5,78.69,73,89,15.37
223,Labuhan,ID,2021-10-31 23:47:03,-6.8844,112.2051,83.16,71,100,3.85
224,Brightwater,NZ,2021-10-31 23:49:17,-41.3833,173.1167,65.86,46,32,5.48
225,Charyshskoye,RU,2021-10-31 23:49:18,51.3978,83.5598,24.58,88,100,8.32
226,Tuatapere,NZ,2021-10-31 23:49:18,-46.1333,167.6833,55.74,68,87,10.04
227,Bone,DE,2021-10-31 23:50:18,51.9669,12.1396,52.72,80,91,10.45
228,Macau,MO,2021-10-31 23:50:05,22.2006,113.5461,77.13,88,40,10.36
229,Bredasdorp,ZA,2021-10-31 23:50:19,-34.5322,20.0403,61.92,72,100,8.05
230,Avera,US,2021-10-31 23:50:19,33.194,-82.5271,61.48,70,11,7.0
231,Namatanai,PG,2021-10-31 23:50:19,-3.6667,152.4333,84.29,70,56,7.94
232,Kruisfontein,ZA,2021-10-31 23:50:20,-34.0033,24.7314,61.88,83,82,8.41
233,Viedma,AR,2021-10-31 23:50:20,-40.8135,-62.9967,51.84,70,100,9.24
234,Makakilo City,US,2021-10-31 23:50:20,21.3469,-158.0858,84.61,62,90,9.22
235,Bilibino,RU,2021-10-31 23:46:30,68.0546,166.4372,-21.19,99,100,1.43
236,Sobolevo,RU,2021-10-31 23:50:21,54.4299,31.8996,37.96,84,1,7.7
237,Husavik,IS,2021-10-31 23:50:21,66.0449,-17.3389,33.71,100,100,20.6
238,Yerbogachen,RU,2021-10-31 23:50:21,61.2767,108.0108,18.3,86,100,4.63
239,Taganak,PH,2021-10-31 23:50:22,6.0833,118.3,75.34,78,100,8.14
240,Ribeira Grande,PT,2021-10-31 23:50:22,38.5167,-28.7,71.11,89,100,6.13
241,Half Moon Bay,US,2021-10-31 23:50:22,37.4636,-122.4286,67.51,71,20,8.05
242,Kaabong,UG,2021-10-31 23:50:22,3.4836,34.1492,68.41,56,39,12.8
243,Juba,SS,2021-10-31 23:50:23,4.8517,31.5825,74.03,67,32,3.49
244,San Lazaro,BZ,2021-10-31 23:50:23,18.0387,-88.6622,82.11,80,22,4.56
245,Hilo,US,2021-10-31 23:47:06,19.7297,-155.09,82.13,74,1,8.05
246,Sechura,PE,2021-10-31 23:50:23,-5.5569,-80.8222,69.4,66,17,11.63
247,Cap Malheureux,MU,2021-10-31 23:50:24,-19.9842,57.6142,70.47,82,9,4.0
248,Emba,KZ,2021-10-31 23:50:24,48.8264,58.1442,39.04,70,83,8.41
249,Taltal,CL,2021-10-31 23:50:24,-25.4,-70.4833,64.42,69,15,4.41
250,Kawalu,ID,2021-10-31 23:50:25,-7.3817,108.2082,75.88,92,99,0.87
251,Provideniya,RU,2021-10-31 23:50:25,64.3833,-173.3,19.51,58,0,11.18
252,Tres Picos,MX,2021-10-31 23:50:25,15.8667,-93.5333,78.98,83,62,1.39
253,Remedios,CU,2021-10-31 23:50:26,22.4947,-79.5458,77.18,68,100,7.07
254,Marion,US,2021-10-31 23:50:18,39.7684,-86.1555,54.82,79,75,14.97
255,Sebastian,US,2021-10-31 23:50:26,35.1668,-94.2669,63.16,75,0,3.62
256,Umea,SE,2021-10-31 23:50:26,63.8284,20.2597,44.53,100,90,4.61
257,Coihaique,CL,2021-10-31 23:50:27,-45.5752,-72.0662,66.15,39,0,3.44
258,Beruwala,LK,2021-10-31 23:50:27,6.4788,79.9828,78.12,86,73,4.38
259,Acapulco,MX,2021-10-31 23:50:27,16.8634,-99.8901,80.35,82,87,4.74
260,Kijini,TZ,2021-10-31 23:50:28,-5.85,39.3167,77.85,84,16,9.62
261,Meulaboh,ID,2021-10-31 23:49:55,4.1363,96.1285,75.97,87,100,5.01
262,Qaqortoq,GL,2021-10-31 23:50:28,60.7167,-46.0333,27.52,67,56,6.96
263,Vitim,RU,2021-10-31 23:50:28,59.4511,112.5578,22.12,96,99,2.15
264,Punto Fijo,VE,2021-10-31 23:50:29,11.6956,-70.1996,81.07,77,96,16.62
265,Faranah,GN,2021-10-31 23:50:29,10.0404,-10.7434,70.18,94,99,4.12
266,Banjar,ID,2021-10-31 23:50:29,-8.19,114.9675,78.66,78,99,0.54
267,Kashi,CN,2021-10-31 23:50:30,39.4547,75.9797,47.41,25,0,11.18
268,Plastun,RU,2021-10-31 23:50:30,44.7561,136.2939,45.46,83,100,4.07
269,Lata,PT,2021-10-31 23:50:30,40.1629,-8.3327,63.91,98,100,3.09
270,Longyearbyen,SJ,2021-10-31 23:50:31,78.2186,15.6401,26.29,91,100,5.66
271,Newport,GB,2021-10-31 23:50:31,51.5877,-2.9984,52.77,87,60,29.15
272,Marystown,CA,2021-10-31 23:50:31,47.1666,-55.1483,46.85,100,100,1.01
273,Santa Marta,CO,2021-10-31 23:51:31,11.2408,-74.199,74.34,83,95,7.67
274,Bowen,AU,2021-10-31 23:48:41,-20.0167,148.2333,80.82,67,14,20.69
275,Sao Jose De Ribamar,BR,2021-10-31 23:51:32,-2.5619,-44.0542,82.78,81,73,11.27
276,Sao Gabriel Da Cachoeira,BR,2021-10-31 23:51:32,-0.1303,-67.0892,75.85,90,74,2.37
277,Kavaratti,IN,2021-10-31 23:51:33,10.5669,72.642,81.0,79,94,5.88
278,Cherskiy,RU,2021-10-31 23:51:33,68.75,161.3,-0.74,98,100,5.66
279,Hami,CN,2021-10-31 23:51:33,42.8,93.45,47.88,49,97,3.6
280,Kurumkan,RU,2021-10-31 23:51:34,54.3,110.3,23.63,84,32,3.74
281,Maridi,SS,2021-10-31 23:51:34,4.9158,29.4742,66.7,89,63,1.61
282,Dingle,PH,2021-10-31 23:51:34,10.9995,122.6711,80.58,83,89,11.12
283,Dinguiraye,GN,2021-10-31 23:51:35,11.3,-10.7167,72.25,83,69,3.51
284,Uige,AO,2021-10-31 23:51:35,-7.6087,15.0613,66.6,99,90,2.75
285,Kensington,AU,2021-10-31 23:51:35,-33.9167,151.2167,72.77,57,0,1.99
286,Hofn,IS,2021-10-31 23:51:35,64.2539,-15.2082,39.09,60,100,22.26
287,Kiama,AU,2021-10-31 23:51:36,-34.6833,150.8667,73.26,53,89,8.01
288,Morro Bay,US,2021-10-31 23:51:36,35.3658,-120.8499,72.48,74,98,1.01
289,Shache,CN,2021-10-31 23:51:36,38.4167,77.2406,45.0,33,23,4.45
290,Jalu,LY,2021-10-31 23:51:37,29.0331,21.5482,65.26,81,55,7.34
291,Mazkeret Batya,IL,2021-10-31 23:51:37,31.8539,34.8386,80.28,34,0,8.05
292,Mayo,US,2021-10-31 23:51:37,38.8876,-76.5119,61.68,69,16,5.99
293,Port Hardy,CA,2021-10-31 23:51:38,50.6996,-127.4199,51.98,50,1,17.27
294,Nicoya,CR,2021-10-31 23:51:38,10.1483,-85.452,80.15,91,100,2.33
295,Batagay-Alyta,RU,2021-10-31 23:49:13,67.8006,130.4114,2.34,87,100,3.27
296,Souillac,MU,2021-10-31 23:51:38,-20.5167,57.5167,70.36,94,40,3.44
297,Aksu,CN,2021-10-31 23:51:39,41.1231,80.2644,43.23,33,0,4.94
298,Poum,NC,2021-10-31 23:51:39,-20.2333,164.0167,75.6,69,21,16.49
299,Fuxin,CN,2021-10-31 23:51:39,42.0156,121.6589,35.8,25,0,4.18
300,Pemangkat,ID,2021-10-31 23:51:40,1.1667,108.9667,79.48,85,100,5.17
301,Balao,EC,2021-10-31 23:51:40,-2.9167,-79.8167,78.71,86,69,6.82
302,Saldanha,ZA,2021-10-31 23:51:40,-33.0117,17.9442,60.85,79,99,10.13
303,Lima,PE,2021-10-31 23:51:00,-12.0432,-77.0282,62.85,72,75,14.97
304,Huaraz,PE,2021-10-31 23:51:41,-9.5333,-77.5333,54.63,84,98,5.37
305,Male,MV,2021-10-31 23:51:38,4.1748,73.5089,84.15,79,20,17.27
306,Formosa,AR,2021-10-31 23:51:41,-26.1775,-58.1781,82.38,61,0,4.61
307,Taiyuan,CN,2021-10-31 23:51:41,37.8694,112.5603,37.26,70,0,2.24
308,Urusha,RU,2021-10-31 23:51:42,54.05,122.9,23.67,58,98,1.81
309,Piacabucu,BR,2021-10-31 23:51:42,-10.4056,-36.4344,77.32,78,83,10.16
310,Bonavista,CA,2021-10-31 23:51:43,48.6499,-53.1147,45.12,92,67,14.63
311,Leeton,AU,2021-10-31 23:51:43,-34.5667,146.4,78.89,28,78,8.05
312,Chengde,CN,2021-10-31 23:51:43,40.9725,117.9361,41.18,69,5,1.14
313,Vardo,NO,2021-10-31 23:51:44,70.3705,31.1107,37.96,75,56,25.37
314,Acarau,BR,2021-10-31 23:51:44,-2.8856,-40.12,80.33,79,39,13.62
315,Mehamn,NO,2021-10-31 23:51:44,71.0357,27.8492,32.45,84,63,14.32
316,Sawakin,SD,2021-10-31 23:51:44,19.1059,37.3321,83.55,76,20,6.93
317,Betong,TH,2021-10-31 23:51:45,5.7743,101.0723,72.32,97,93,1.63
318,Marihatag,PH,2021-10-31 23:52:45,8.7936,126.2969,81.7,77,85,8.21
319,Huarmey,PE,2021-10-31 23:52:45,-10.0681,-78.1522,65.44,80,11,8.21
320,Srivardhan,IN,2021-10-31 23:52:46,18.0333,73.0167,77.43,71,96,4.5
321,Kampong Chhnang,KH,2021-10-31 23:52:46,12.1667,104.55,77.13,88,91,1.34
322,Semey,KZ,2021-10-31 23:52:46,50.4111,80.2275,30.42,86,75,4.47
323,Manakara,MG,2021-10-31 23:52:47,-22.1333,48.0167,71.06,94,78,6.6
324,Sambava,MG,2021-10-31 23:52:47,-14.2667,50.1667,72.43,91,18,4.38
325,Asfi,MA,2021-10-31 23:50:00,32.2994,-9.2372,65.68,87,24,6.42
326,Ginda,IN,2021-10-31 23:52:47,30.6945,78.4932,46.38,39,0,6.17
327,Malanje,AO,2021-10-31 23:52:48,-9.5402,16.341,64.65,98,99,4.99
328,Sioux Lookout,CA,2021-10-31 23:52:48,50.1001,-91.917,34.18,93,90,8.05
329,Ende,ID,2021-10-31 23:52:48,-8.8432,121.6623,83.66,72,93,1.66
330,Cabo San Lucas,MX,2021-10-31 23:52:48,22.8909,-109.9124,84.61,70,19,5.99
331,Abnub,EG,2021-10-31 23:52:49,27.2696,31.1511,75.42,35,11,7.07
332,Jinchang,CN,2021-10-31 23:52:49,38.4953,102.1739,41.27,44,100,3.71
333,Laguna,US,2021-10-31 23:49:36,38.421,-121.4238,69.12,58,20,3.0
334,Pascagoula,US,2021-10-31 23:52:49,30.3658,-88.5561,65.12,85,1,0.0
335,Bairiki,KI,2021-10-31 23:52:50,1.3292,172.9752,87.8,66,20,14.97
336,Birin,NP,2021-10-31 23:52:50,26.8865,88.0718,49.98,76,3,4.68
337,Requena,ES,2021-10-31 23:52:50,39.4883,-1.1004,68.52,82,100,27.36
338,Ayan,RU,2021-10-31 23:52:51,56.45,138.1667,23.77,42,8,3.71
339,Kupino,RU,2021-10-31 23:52:51,54.3663,77.2981,24.62,88,99,8.16
340,Aklavik,CA,2021-10-31 23:52:51,68.2191,-135.0107,36.32,86,100,10.92
341,Ola,RU,2021-10-31 23:52:52,59.5833,151.2833,12.67,50,4,7.72
342,Nanchang,CN,2021-10-31 23:52:52,28.6833,115.8833,63.43,68,100,4.34
343,Arica,CL,2021-10-31 23:52:52,-18.475,-70.3042,67.55,72,0,5.75
344,Salisbury,GB,2021-10-31 23:49:09,51.0693,-1.7957,52.52,71,20,20.71
345,Komsomolskiy,UZ,2021-10-31 23:52:52,40.4272,71.7189,42.22,75,1,6.91
346,Airai,TL,2021-10-31 23:52:53,-8.9266,125.4092,71.19,54,58,1.39
347,Santa Maria,BR,2021-10-31 23:49:17,-29.6842,-53.8069,78.1,65,0,3.44
348,Valparaiso,CL,2021-10-31 23:48:09,-33.0393,-71.6273,58.48,78,75,5.75
349,Raudeberg,NO,2021-10-31 23:52:53,61.9875,5.1352,50.67,69,100,1.99
350,Khani,GE,2021-10-31 23:52:54,41.9563,42.9566,54.97,75,100,6.69
351,Hasaki,JP,2021-10-31 23:51:47,35.7333,140.8333,61.29,77,100,6.46
352,Hobyo,SO,2021-10-31 23:52:54,5.3505,48.5268,80.08,72,15,14.18
353,Holland,US,2021-10-31 23:52:23,42.7875,-86.1089,50.18,50,90,1.99
354,Atar,MR,2021-10-31 23:52:06,20.5169,-13.0499,81.72,18,1,6.22
355,Boffa,GN,2021-10-31 23:52:55,10.1667,-14.0333,74.5,89,68,3.33
356,Okha,RU,2021-10-31 23:51:24,53.5739,142.9478,29.59,57,63,6.6
357,Dongsheng,CN,2021-10-31 23:52:55,39.8161,109.9776,34.27,45,0,5.1
358,Tomatlan,MX,2021-10-31 23:52:55,19.9333,-105.25,79.29,83,11,3.53
359,Bambous Virieux,MU,2021-10-31 23:52:56,-20.3428,57.7575,70.21,94,40,3.44
360,Rudnogorsk,RU,2021-10-31 23:52:56,57.2639,103.7519,27.3,94,100,1.99
361,Soyo,AO,2021-10-31 23:52:56,-6.1349,12.3689,77.07,86,76,8.86
362,Flin Flon,CA,2021-10-31 23:52:57,54.7682,-101.865,33.64,93,75,8.05
363,Excelsior Springs,US,2021-10-31 23:52:57,39.3392,-94.2261,51.84,50,90,3.44
364,Mbandaka,CD,2021-10-31 23:52:57,0.0487,18.2603,70.11,96,100,2.84
365,Boende,CD,2021-10-31 23:52:58,-0.2167,20.8667,68.11,98,100,1.45
366,Nouakchott,MR,2021-10-31 23:52:58,18.0858,-15.9785,82.33,53,100,15.17
367,Castanos,MX,2021-10-31 23:53:58,26.7833,-101.4167,76.96,29,0,4.52
368,Saskylakh,RU,2021-10-31 23:53:59,71.9167,114.0833,6.17,96,97,7.05
369,Radchenko,RU,2021-10-31 23:53:59,56.6803,36.3718,37.04,85,7,8.72
370,Nioro,GM,2021-10-31 23:53:59,13.35,-15.75,76.14,80,82,5.86
371,Cayenne,GF,2021-10-31 23:54:00,4.9333,-52.3333,81.09,84,75,3.0
372,Leningradskiy,RU,2021-10-31 23:54:00,69.3833,178.4167,-1.98,87,99,12.3
373,Solnechnyy,RU,2021-10-31 23:54:00,50.7214,136.6319,30.38,53,1,3.4
374,Fortuna,US,2021-10-31 23:54:00,40.5982,-124.1573,66.47,66,75,3.0
375,Judenburg,AT,2021-10-31 23:54:01,47.1667,14.6667,41.58,98,52,4.59
376,Turukhansk,RU,2021-10-31 23:54:01,65.8167,87.9833,6.78,97,100,2.26
377,Adrar,MR,2021-10-31 23:54:02,20.5022,-10.0711,81.32,20,96,6.91
378,Elizabeth City,US,2021-10-31 23:49:22,36.2946,-76.2511,65.01,81,1,1.01
379,Nyrob,RU,2021-10-31 23:54:02,60.733,56.7202,36.59,98,100,7.31
380,Mandalgovi,MN,2021-10-31 23:54:03,45.7625,106.2708,31.98,52,64,13.35
381,Ciudad Bolivar,VE,2021-10-31 23:54:03,8.1222,-63.5497,78.48,78,96,5.77
382,Puerto Maldonado,PE,2021-10-31 23:54:03,-12.6,-69.1833,82.8,69,0,0.0
383,Salalah,OM,2021-10-31 23:54:04,17.0151,54.0924,76.73,48,9,1.28
384,Chapais,CA,2021-10-31 23:54:04,49.7834,-74.8492,40.78,99,100,1.12
385,Tahta,EG,2021-10-31 23:54:04,26.7693,31.5021,75.31,39,3,9.08
386,Saint-Francois,FR,2021-10-31 23:54:05,46.4154,3.9054,53.47,82,100,8.05
387,Saint-Claude,FR,2021-10-31 23:54:05,46.5,5.8333,56.21,95,100,11.63
388,Daru,PG,2021-10-31 23:54:05,-9.0763,143.2092,82.47,84,96,15.66
389,Guanica,PR,2021-10-31 23:54:05,17.9716,-66.908,82.06,80,11,1.99
390,Kabinda,CD,2021-10-31 23:54:06,-6.1333,24.4833,65.59,95,100,3.42
391,Jakarta,ID,2021-10-31 23:54:06,-6.2146,106.8451,86.09,85,40,0.0
392,Road Town,VG,2021-10-31 23:52:30,18.4167,-64.6167,82.44,74,40,5.75
393,Santana Do Livramento,BR,2021-10-31 23:54:07,-30.8908,-55.5328,69.35,83,22,8.25
394,Abha,SA,2021-10-31 23:54:07,18.2164,42.5053,57.02,54,0,3.44
395,Safaga,EG,2021-10-31 23:54:07,26.7292,33.9365,78.75,48,100,4.65
396,Otane,NZ,2021-10-31 23:54:08,-39.8833,176.6333,67.39,55,48,5.48
397,Zhigansk,RU,2021-10-31 23:54:08,66.7697,123.3711,3.96,95,69,12.86
398,Jaciara,BR,2021-10-31 23:54:08,-15.9653,-54.9683,75.06,83,83,2.48
399,Nynashamn,SE,2021-10-31 23:54:09,58.9034,17.9479,48.11,94,81,8.9
400,Santa Maria Del Oro,MX,2021-10-31 23:54:09,25.9333,-105.3667,70.11,35,17,5.32
401,Ketchikan,US,2021-10-31 23:54:09,55.3422,-131.6461,46.4,73,82,2.64
402,Murray Bridge,AU,2021-10-31 23:54:10,-35.1167,139.2667,78.69,19,9,11.86
403,Mayumba,GA,2021-10-31 23:54:10,-3.432,10.6554,76.95,88,98,8.28
404,Hinton,CA,2021-10-31 23:54:10,53.4001,-117.5857,37.44,35,0,2.66
405,Altamont,US,2021-10-31 23:52:07,42.2068,-121.7372,55.78,64,64,1.01
406,Pevek,RU,2021-10-31 23:54:11,69.7008,170.3133,1.09,94,100,6.22
407,Hirado,JP,2021-10-31 23:54:11,33.3597,129.5531,60.15,51,92,9.31
408,Bandipur,NP,2021-10-31 23:54:11,27.9333,84.4167,52.56,87,11,2.06
409,Estelle,US,2021-10-31 23:54:12,29.8458,-90.1067,71.6,62,1,4.61
410,Porto Santo,PT,2021-10-31 23:54:12,33.072,-16.3415,73.31,94,40,5.75
411,Lasa,IT,2021-10-31 23:54:12,46.6166,10.7002,50.74,99,100,3.71
412,Bako,ET,2021-10-31 23:55:13,5.7833,36.5667,63.75,53,20,5.1
413,Olsztyn,PL,2021-10-31 23:55:13,53.7799,20.4942,42.76,65,34,9.44
414,Constitucion,CL,2021-10-31 23:55:13,-35.3333,-72.4167,51.64,94,72,2.77
415,Aliwal North,ZA,2021-10-31 23:55:14,-30.6937,26.7114,62.83,30,22,3.74
416,Pangnirtung,CA,2021-10-31 23:55:14,66.1451,-65.7125,26.35,97,100,5.14
417,Minab,IR,2021-10-31 23:55:14,27.1467,57.0801,78.3,24,0,4.72
418,Kant,IN,2021-10-31 23:55:15,27.8,79.8,63.21,62,5,2.89
419,Arlit,NE,2021-10-31 23:55:15,18.7369,7.3853,80.85,21,0,8.57
420,Vrangel,RU,2021-10-31 23:55:16,42.7297,133.0839,50.43,75,99,14.03
421,Ust-Nera,RU,2021-10-31 23:55:16,64.5667,143.2,-14.13,99,75,5.95
422,Kahului,US,2021-10-31 23:55:17,20.8947,-156.47,83.97,72,1,1.66
423,Pimentel,PE,2021-10-31 23:55:17,-6.8367,-79.9342,64.69,77,20,20.71
424,Tual,ID,2021-10-31 23:55:17,-5.6667,132.75,84.2,71,99,8.86
425,Mapiripan,CO,2021-10-31 23:55:18,2.8892,-72.1256,73.98,95,97,0.94
426,Emerald,AU,2021-10-31 23:55:18,-23.5333,148.1667,81.99,43,40,17.27
427,Pleasanton,US,2021-10-31 23:51:58,37.6624,-121.8747,66.81,63,1,11.5
428,Balakhninskiy,RU,2021-10-31 23:55:19,58.0106,114.2769,19.29,93,97,2.55
429,Navrongo,GH,2021-10-31 23:55:19,10.8956,-1.0921,82.53,34,99,3.06
430,Riyadh,SA,2021-10-31 23:55:19,24.6877,46.7219,66.34,26,0,5.19
431,Vao,NC,2021-10-31 23:55:19,-22.6667,167.4833,71.76,71,16,13.04
432,Dunedin,NZ,2021-10-31 23:55:20,-45.8742,170.5036,60.8,51,44,5.01
433,Ouegoa,NC,2021-10-31 23:55:20,-20.35,164.4333,80.78,51,27,1.3
434,Nivala,FI,2021-10-31 23:55:20,63.9167,24.9667,43.68,92,100,7.49
435,Pizarro,CO,2021-10-31 23:55:21,4.9533,-77.366,75.87,89,88,3.94
436,Boueni,YT,2021-10-31 23:55:21,-12.9025,45.0761,78.78,78,3,10.25
437,Shakiso,ET,2021-10-31 23:55:21,5.75,38.9167,54.3,84,27,4.23
438,Dali,CN,2021-10-31 23:55:22,25.7,100.1833,50.56,89,0,2.64
439,Aripuana,BR,2021-10-31 23:55:22,-9.1667,-60.6333,76.03,86,95,1.97
440,Puerto Del Rosario,ES,2021-10-31 23:55:23,28.5004,-13.8627,69.55,83,0,9.22
441,Whitehorse,CA,2021-10-31 23:52:48,60.7161,-135.0538,36.37,55,90,15.99
442,Sao Felix Do Xingu,BR,2021-10-31 23:55:23,-6.6447,-51.995,72.23,98,83,1.34
443,Dauriya,RU,2021-10-31 23:55:23,49.9333,116.8667,24.89,50,17,6.6
444,Mnogovershinnyy,RU,2021-10-31 23:55:24,53.9353,139.9242,22.71,72,7,4.16
445,Sampit,ID,2021-10-31 23:55:24,-2.5333,112.95,74.44,98,84,1.63
446,Lusambo,CD,2021-10-31 23:55:24,-4.9667,23.45,69.51,99,100,0.74
447,Krasnoselkup,RU,2021-10-31 23:55:24,65.7,82.4667,5.09,94,100,12.64
448,Vytegra,RU,2021-10-31 23:55:25,61.0064,36.4481,41.61,93,100,7.23
449,Nabire,ID,2021-10-31 23:55:06,-3.3667,135.4833,81.41,81,85,0.94
450,Marzuq,YE,2021-10-31 23:55:25,14.4,46.4667,67.05,58,7,1.79
451,Rawson,AR,2021-10-31 23:53:57,-43.3002,-65.1023,47.5,74,69,12.77
452,Faya,SA,2021-10-31 23:52:08,18.3851,42.4509,57.31,54,3,5.23
453,Jacareacanga,BR,2021-10-31 23:55:26,-6.2222,-57.7528,74.43,92,92,3.4
454,Inyonga,TZ,2021-10-31 23:55:26,-6.7167,32.0667,66.52,85,100,2.15
455,Chiriqui Grande,PA,2021-10-31 23:55:27,8.95,-82.1167,82.08,93,100,4.34
456,Inhambane,MZ,2021-10-31 23:56:27,-23.865,35.3833,69.28,83,20,2.24
457,Kajaani,FI,2021-10-31 23:56:27,64.2273,27.7285,42.85,93,90,5.75
458,Saqqez,IR,2021-10-31 23:56:27,36.2499,46.2735,54.64,63,71,4.59
459,Trairi,BR,2021-10-31 23:54:31,-3.2778,-39.2689,80.22,79,23,10.13
460,Camapua,BR,2021-10-31 23:56:28,-19.5314,-54.0439,71.56,83,34,4.56
461,Necochea,AR,2021-10-31 23:56:28,-38.5473,-58.7368,51.04,76,100,7.67
462,San Antonio,US,2021-10-31 23:53:44,29.4241,-98.4936,80.71,51,1,10.36
463,Beinamar,TD,2021-10-31 23:56:29,8.6698,15.3813,80.65,48,86,3.74
464,Hengshui,CN,2021-10-31 23:56:29,37.7322,115.7011,49.06,86,0,4.16
465,Rocha,UY,2021-10-31 23:56:29,-34.4833,-54.3333,62.35,99,94,5.28
466,Westlock,CA,2021-10-31 23:56:30,54.1502,-113.8688,41.38,41,0,1.14
467,Sanary-Sur-Mer,FR,2021-10-31 23:56:30,43.1178,5.8001,64.36,81,98,5.01
468,Honiara,SB,2021-10-31 23:56:30,-9.4333,159.95,86.56,66,58,4.72
469,Manali,IN,2021-10-31 23:56:31,13.1667,80.2667,78.89,85,100,10.22
470,Nelson Bay,AU,2021-10-31 23:56:31,-32.7167,152.15,74.28,58,98,3.0
471,Dvinskoy,RU,2021-10-31 23:56:31,62.1535,45.1175,38.43,99,100,0.69
472,Xiaoshi,CN,2021-10-31 23:56:31,41.2971,124.1209,30.22,62,10,3.33
473,Kathu,TH,2021-10-31 23:56:32,7.9178,98.3332,81.7,99,68,8.23
474,Brae,GB,2021-10-31 23:56:32,60.3964,-1.353,49.91,92,100,26.89
475,Saint-Denis,FR,2021-10-31 23:56:32,48.9167,2.3333,51.12,86,0,1.01
476,Doiwala,IN,2021-10-31 23:56:33,30.1833,78.1167,60.22,76,0,4.9
477,Tautira,PF,2021-10-31 23:56:33,-17.7333,-149.15,84.22,76,64,14.07
478,Deputatskiy,RU,2021-10-31 23:56:33,69.3,139.9,-6.92,82,100,2.13
479,Ulaangom,MN,2021-10-31 23:56:34,49.9811,92.0667,32.52,56,88,5.37
480,Fiche,ET,2021-10-31 23:56:34,9.8,38.7333,45.37,84,50,3.4
481,Point Fortin,TT,2021-10-31 23:56:34,10.1833,-61.6833,80.53,80,96,9.26
482,Ystad,SE,2021-10-31 23:56:34,55.4297,13.8204,56.14,77,100,22.37
483,Surin,TH,2021-10-31 23:54:24,14.8818,103.4936,75.58,94,73,5.77
484,Buin,CL,2021-10-31 23:56:35,-33.7333,-70.75,68.32,53,100,3.44
485,Voh,NC,2021-10-31 23:56:35,-20.9667,164.7,81.16,51,6,10.87
486,Kununurra,AU,2021-10-31 23:56:35,-15.7667,128.7333,82.38,69,23,6.91
487,Tongren,CN,2021-10-31 23:56:36,27.7172,109.1853,58.59,93,100,2.86
488,Shitanjing,CN,2021-10-31 23:56:36,39.2342,106.3439,39.4,50,20,4.94
489,Lowicz,PL,2021-10-31 23:56:36,52.1071,19.9453,49.24,70,4,7.7
490,Tadine,NC,2021-10-31 23:56:37,-21.55,167.8833,76.14,57,31,13.31
491,Madimba,TZ,2021-10-31 23:56:37,-10.4,40.3333,76.5,83,9,8.3
492,Seddon,AU,2021-10-31 23:56:37,-37.8068,144.8916,73.47,60,0,6.91
493,Zhezkazgan,KZ,2021-10-31 23:56:38,47.8043,67.7144,41.04,79,68,9.62
494,Bajil,YE,2021-10-31 23:56:38,15.0584,43.2851,80.89,65,77,3.04
495,Owando,CG,2021-10-31 23:56:38,-0.4819,15.8999,71.33,98,100,5.23
496,San Rafael,AR,2021-10-31 23:56:38,-34.6177,-68.3301,49.82,68,97,7.09
497,San Carlos De Bariloche,AR,2021-10-31 23:55:12,-41.1456,-71.3082,58.75,31,75,12.66
498,Kaniama,CD,2021-10-31 23:56:39,-7.5667,24.1833,64.81,97,100,0.36
499,Saint-Joseph,RE,2021-10-31 23:56:39,-21.3667,55.6167,67.21,85,23,10.76
500,Sillamae,EE,2021-10-31 23:56:39,59.3997,27.7547,46.17,87,83,10.4
501,Tiptur,IN,2021-10-31 23:56:40,13.2586,76.4783,66.36,96,51,4.47
502,Dalby,AU,2021-10-31 23:57:40,-27.1833,151.2667,71.98,37,92,7.0
503,Verkhnevilyuysk,RU,2021-10-31 23:57:40,63.4453,120.3167,12.9,89,85,5.77
504,Chikwawa,MW,2021-10-31 23:57:41,-16.0335,34.8009,76.93,72,12,3.13
505,Tateyama,JP,2021-10-31 23:57:41,34.9833,139.8667,65.1,85,88,10.8
506,Atambua,ID,2021-10-31 23:57:41,-9.1061,124.8925,82.15,63,64,0.31
507,Syracuse,IT,2021-10-31 23:57:02,37.0881,15.2792,63.32,88,100,7.09
508,Linxi,CN,2021-10-31 23:57:42,39.7,118.4333,45.14,57,6,2.51
509,The Valley,AI,2021-10-31 23:57:42,18.217,-63.0578,82.09,74,20,8.05
510,Nome,US,2021-10-31 23:57:42,64.5011,-165.4064,16.63,92,60,6.08
511,Duku,NG,2021-10-31 23:57:43,11.2361,4.9073,75.24,39,35,3.62
512,Victor Harbor,AU,2021-10-31 23:57:43,-35.5667,138.6167,77.79,62,1,4.72
513,Birjand,IR,2021-10-31 23:57:43,32.8663,59.2211,41.47,42,0,6.91
514,Puerto Carreno,CO,2021-10-31 23:57:43,6.189,-67.4859,77.4,87,71,0.69
515,Anloga,GH,2021-10-31 23:57:44,5.7947,0.8973,82.62,82,100,14.07
516,Juneau,US,2021-10-31 23:57:44,58.3019,-134.4197,40.84,93,90,0.0
517,Vanavara,RU,2021-10-31 23:57:44,60.34,102.2797,22.91,94,100,4.68
518,Sistranda,NO,2021-10-31 23:57:42,63.7256,8.834,48.9,73,74,30.36
519,Oktyabrskoye,RU,2021-10-31 23:57:45,43.0645,44.7417,39.34,100,100,4.47
520,Lang Suan,TH,2021-10-31 23:57:45,9.9456,99.0785,77.09,88,100,3.02
521,Port-Gentil,GA,2021-10-31 23:57:45,-0.7193,8.7815,78.76,89,75,12.66
522,San Policarpo,PH,2021-10-31 23:57:46,12.1791,125.5072,82.31,78,76,14.41
523,Wajima,JP,2021-10-31 23:57:46,37.4,136.9,59.68,94,75,3.44
524,Tsumeb,NA,2021-10-31 23:57:46,-19.2333,17.7167,74.75,10,9,20.42
525,Dakar,SN,2021-10-31 23:57:46,14.6937,-17.4441,81.48,75,100,13.8
526,Tucupita,VE,2021-10-31 23:57:47,9.0622,-62.051,74.59,92,95,3.98
527,Angoche,MZ,2021-10-31 23:57:47,-16.2325,39.9086,75.81,83,0,10.65
528,Koumra,TD,2021-10-31 23:57:47,8.9126,17.5539,78.08,51,84,3.15
529,Nileshwar,IN,2021-10-31 23:57:48,12.25,75.1,77.61,86,50,4.36
530,Ngunguru,NZ,2021-10-31 23:57:48,-35.6167,174.5,64.17,61,84,9.17
531,Los Llanos De Aridane,ES,2021-10-31 23:57:48,28.6585,-17.9182,65.12,46,20,8.99
532,Yima,CN,2021-10-31 23:57:49,34.7381,111.8839,51.1,69,95,7.76
533,Cururupu,BR,2021-10-31 23:57:49,-1.8283,-44.8683,75.97,92,81,3.53
534,Cortez,US,2021-10-31 23:57:49,37.3489,-108.5859,63.52,38,91,5.35
535,Mehran,IR,2021-10-31 23:57:50,33.1222,46.1646,72.88,33,100,3.0
536,Bathsheba,BB,2021-10-31 23:57:50,13.2167,-59.5167,75.81,88,75,11.5
537,Thanh Hoa,VN,2021-10-31 23:57:50,19.8,105.7667,70.9,96,100,3.8
538,Oranjestad,AW,2021-10-31 23:57:50,12.524,-70.027,82.35,74,20,12.66
539,Claveria,PH,2021-10-31 23:57:51,18.6074,121.0832,79.11,80,66,13.58
540,Luganville,VU,2021-10-31 23:57:51,-15.5333,167.1667,83.52,64,17,8.08
541,Haines Junction,CA,2021-10-31 23:57:51,60.7522,-137.5108,44.55,33,98,2.3
542,Conceicao Da Barra,BR,2021-10-31 23:57:52,-18.5933,-39.7322,75.18,82,94,9.71
543,Guerrero Negro,MX,2021-10-31 23:57:52,27.9769,-114.0611,67.91,71,100,13.27
544,Sola,VU,2021-10-31 23:57:52,-13.8833,167.55,80.74,74,19,14.23
545,Lingyuan,CN,2021-10-31 23:57:52,41.24,119.4011,38.19,70,9,2.93
546,Mareeba,AU,2021-10-31 23:57:53,-17.0,145.4333,86.32,62,84,11.16
547,Layou,VC,2021-10-31 23:57:53,13.2,-61.2667,78.28,75,53,8.34
548,Palimbang,PH,2021-10-31 23:57:53,6.2106,124.1894,84.27,70,59,2.91
549,Kushmurun,KZ,2021-10-31 23:57:54,52.4503,64.6311,43.54,84,100,13.62
550,Flinders,AU,2021-10-31 23:58:54,-34.5833,150.8552,73.06,60,95,3.0
551,Puerto Palomas,MX,2021-10-31 23:58:54,31.7667,-107.6167,73.36,18,60,6.29
552,Russell,US,2021-10-31 23:58:55,32.3502,-85.1999,57.11,91,0,5.55
553,Sable-Sur-Sarthe,FR,2021-10-31 23:58:55,47.8376,-0.3329,50.25,86,53,13.0
554,Morgantown,US,2021-10-31 23:56:36,39.6295,-79.9559,55.47,87,86,1.01
555,Save,BJ,2021-10-31 23:58:55,8.0425,2.486,76.82,83,72,5.91
556,Cedral,MX,2021-10-31 23:58:56,23.8,-100.7333,72.81,27,69,6.73
557,Potsdam,DE,2021-10-31 23:54:58,52.3989,13.0657,54.1,82,64,10.4
558,Gasa,PS,2021-10-31 23:58:56,31.5,34.4667,80.58,45,77,13.42
559,Keti Bandar,PK,2021-10-31 23:58:56,24.1447,67.4497,77.4,69,1,10.33
560,Buchanan,LR,2021-10-31 23:58:57,5.8808,-10.0467,76.6,89,95,5.88
561,Taft,IR,2021-10-31 23:58:57,31.7471,54.2088,55.35,36,0,2.3
562,Makat,KZ,2021-10-31 23:58:57,47.6469,53.3463,43.52,82,1,4.76
563,Jocon,HN,2021-10-31 23:58:57,15.2833,-86.9667,72.95,97,43,2.17
