City_ID,City,Country,Date,Lat,Lng,Max Temp,Humidity,Cloudiness,Wind Speed,Current Description
0,Nanortalik,GL,2021-11-01 03:27:28,60.1432,-45.2371,33.62,67,70,9.51,broken clouds
1,Ostrovnoy,RU,2021-11-01 03:29:20,68.0531,39.5131,30.16,88,86,14.92,overcast clouds
2,Qaqortoq,GL,2021-11-01 03:29:07,60.7167,-46.0333,27.1,63,26,6.89,scattered clouds
3,Balaka,MW,2021-11-01 03:29:20,-14.9793,34.9558,74.59,59,6,0.69,clear sky
4,Mattru,SL,2021-11-01 03:29:20,7.6244,-11.8332,71.47,98,100,0.81,light rain
5,Qaanaaq,GL,2021-11-01 03:29:21,77.484,-69.3632,17.78,80,100,9.06,overcast clouds
6,Xunchang,CN,2021-11-01 03:29:21,28.4543,104.715,56.44,94,100,1.25,overcast clouds
7,Sitka,US,2021-11-01 03:29:22,57.0531,-135.33,49.89,40,75,6.91,broken clouds
8,New Norfolk,AU,2021-11-01 03:28:53,-42.7826,147.0587,66.65,43,100,3.0,overcast clouds
9,Ushuaia,AR,2021-11-01 03:25:58,-54.8,-68.3,46.06,71,0,3.44,clear sky
10,Qasigiannguit,GL,2021-11-01 03:29:22,68.8193,-51.1922,32.25,95,100,6.58,overcast clouds
11,Saskylakh,RU,2021-11-01 03:29:22,71.9167,114.0833,3.61,97,98,6.06,overcast clouds
12,Tautira,PF,2021-11-01 03:29:23,-17.7333,-149.15,84.22,76,59,15.17,broken clouds
13,Busselton,AU,2021-11-01 03:29:23,-33.65,115.3333,62.04,56,73,20.83,broken clouds
14,Hasaki,JP,2021-11-01 03:27:28,35.7333,140.8333,68.29,69,100,4.81,overcast clouds
15,Ozieri,IT,2021-11-01 03:29:23,40.586,9.0012,64.02,97,99,4.21,overcast clouds
16,Ust-Tsilma,RU,2021-11-01 03:29:24,65.441,52.1498,5.22,96,66,3.76,broken clouds
17,Butaritari,KI,2021-11-01 03:24:45,3.0707,172.7902,82.58,73,2,10.89,light rain
18,Chortkiv,UA,2021-11-01 03:29:24,49.0171,25.798,36.86,89,0,12.53,clear sky
19,Puerto Ayora,EC,2021-11-01 03:29:24,-0.7393,-90.3518,69.08,91,41,6.6,scattered clouds
20,Yellowknife,CA,2021-11-01 03:29:25,62.456,-114.3525,33.42,99,90,10.36,overcast clouds
21,Vaini,TO,2021-11-01 03:29:25,-21.2,-175.2,80.76,83,20,11.5,few clouds
22,Washington,US,2021-11-01 03:29:20,47.5001,-120.5015,42.57,49,6,3.31,clear sky
23,Kirakira,SB,2021-11-01 03:29:25,-10.4544,161.9205,86.41,64,89,15.3,overcast clouds
24,Antofagasta,CL,2021-11-01 03:25:13,-23.65,-70.4,60.08,74,21,2.8,few clouds
25,Tiksi,RU,2021-11-01 03:29:26,71.6872,128.8694,8.78,86,100,9.95,overcast clouds
26,Atuona,PF,2021-11-01 03:29:26,-9.8,-139.0333,78.82,73,0,18.39,clear sky
27,Alta,NO,2021-11-01 03:29:26,69.9689,23.2717,33.06,81,20,11.5,few clouds
28,Ribeira Grande,PT,2021-11-01 03:29:27,38.5167,-28.7,71.04,87,100,7.58,overcast clouds
29,Jalu,LY,2021-11-01 03:29:27,29.0331,21.5482,64.54,87,71,6.93,broken clouds
30,Avarua,CK,2021-11-01 03:29:27,-21.2078,-159.775,77.05,69,75,14.97,light rain
31,Tuktoyaktuk,CA,2021-11-01 03:29:27,69.4541,-133.0374,30.2,80,75,16.11,broken clouds
32,Tome,CL,2021-11-01 03:29:28,-36.6167,-72.95,52.41,94,18,2.57,few clouds
33,Albany,US,2021-11-01 03:29:28,42.6001,-73.9662,54.81,80,71,9.89,broken clouds
34,Port Alfred,ZA,2021-11-01 03:29:28,-33.5906,26.891,66.9,76,92,12.8,overcast clouds
35,Saint-Philippe,RE,2021-11-01 03:29:29,-21.3585,55.7679,75.47,84,66,10.09,broken clouds
36,Rikitea,PF,2021-11-01 03:29:29,-23.1203,-134.9692,73.09,77,100,17.29,overcast clouds
37,Esperance,AU,2021-11-01 03:29:29,-33.8667,121.9,69.64,58,100,18.97,overcast clouds
38,Hobart,AU,2021-11-01 03:29:30,-42.8794,147.3294,67.01,47,75,4.0,broken clouds
39,Mataura,NZ,2021-11-01 03:29:30,-46.1927,168.8643,57.34,62,100,9.4,overcast clouds
40,Hobyo,SO,2021-11-01 03:29:30,5.3505,48.5268,79.95,71,4,11.61,clear sky
41,Hilo,US,2021-11-01 03:29:31,19.7297,-155.09,78.53,78,40,3.44,scattered clouds
42,Mahon,ES,2021-11-01 03:29:31,39.8885,4.2658,72.16,88,0,10.36,clear sky
43,Oktyabrskiy,RU,2021-11-01 03:29:32,54.4815,53.471,40.01,86,45,8.68,scattered clouds
44,Cherskiy,RU,2021-11-01 03:24:41,68.75,161.3,-1.12,98,100,5.41,overcast clouds
45,Bambous Virieux,MU,2021-11-01 03:29:32,-20.3428,57.7575,77.22,88,40,3.44,scattered clouds
46,Chokurdakh,RU,2021-11-01 03:24:44,70.6333,147.9167,-7.78,98,92,7.14,overcast clouds
47,Punta Arenas,CL,2021-11-01 03:27:41,-53.15,-70.9167,50.11,50,0,8.05,clear sky
48,Shimoda,JP,2021-11-01 03:30:33,34.6667,138.95,68.36,70,84,10.25,broken clouds
49,Cape Town,ZA,2021-11-01 03:28:30,-33.9258,18.4232,60.1,85,75,5.99,light intensity drizzle
50,Bluff,NZ,2021-11-01 03:30:33,-46.6,168.3333,54.75,74,94,30.87,overcast clouds
51,Sao Joao Da Barra,BR,2021-11-01 03:28:46,-21.6403,-41.0511,70.52,92,100,18.37,light rain
52,Salalah,OM,2021-11-01 03:30:23,17.0151,54.0924,71.69,60,0,4.61,clear sky
53,Bambanglipuro,ID,2021-11-01 03:30:34,-7.95,110.2833,83.37,74,100,6.69,overcast clouds
54,Mar Del Plata,AR,2021-11-01 03:28:53,-38.0023,-57.5575,55.09,90,90,11.01,overcast clouds
55,Chicama,PE,2021-11-01 03:30:34,-7.8447,-79.1469,59.54,78,21,4.27,few clouds
56,San Vicente,AR,2021-11-01 03:30:34,-26.6167,-54.1333,60.82,97,0,2.95,clear sky
57,Fukue,JP,2021-11-01 03:30:35,32.6881,128.8419,70.16,60,75,12.66,broken clouds
58,East London,ZA,2021-11-01 03:30:35,-33.0153,27.9116,61.74,88,0,9.22,clear sky
59,High Level,CA,2021-11-01 03:30:35,58.5169,-117.136,28.51,74,1,0.0,clear sky
60,Maragogi,BR,2021-11-01 03:29:17,-9.0122,-35.2225,76.21,84,61,6.69,broken clouds
61,Rochegda,RU,2021-11-01 03:30:36,62.8,43.25,38.35,98,100,4.12,overcast clouds
62,Arraial Do Cabo,BR,2021-11-01 03:28:43,-22.9661,-42.0278,69.69,95,100,22.66,overcast clouds
63,Sinnamary,GF,2021-11-01 03:30:36,5.3833,-52.95,78.58,84,79,7.27,broken clouds
64,Hermanus,ZA,2021-11-01 03:30:37,-34.4187,19.2345,62.8,77,100,13.22,overcast clouds
65,Leningradskiy,RU,2021-11-01 03:27:21,69.3833,178.4167,-1.44,87,99,12.48,overcast clouds
66,Norman Wells,CA,2021-11-01 03:30:37,65.282,-126.8329,14.04,85,40,2.3,scattered clouds
67,Namibe,AO,2021-11-01 03:30:37,-15.1961,12.1522,63.57,82,21,3.22,few clouds
68,Bethel,US,2021-11-01 03:30:38,41.3712,-73.414,56.35,84,20,1.99,few clouds
69,Sechura,PE,2021-11-01 03:30:38,-5.5569,-80.8222,66.38,72,39,10.49,scattered clouds
70,Saint Anthony,US,2021-11-01 03:30:36,45.0205,-93.218,39.06,68,1,1.01,clear sky
71,San Patricio,US,2021-11-01 03:30:38,28.017,-97.5169,75.81,62,0,7.83,clear sky
72,Sistranda,NO,2021-11-01 03:30:38,63.7256,8.834,48.9,67,100,34.74,overcast clouds
73,Beira,MZ,2021-11-01 03:30:39,-19.8436,34.8389,69.89,94,40,5.75,scattered clouds
74,Inongo,CD,2021-11-01 03:30:39,-1.95,18.2667,69.53,96,100,5.03,overcast clouds
75,Tabou,CI,2021-11-01 03:30:39,4.423,-7.3528,76.64,88,88,6.76,overcast clouds
76,Kangaatsiaq,GL,2021-11-01 03:30:40,68.3065,-53.4641,35.6,89,100,22.12,light rain
77,Mount Gambier,AU,2021-11-01 03:30:10,-37.8333,140.7667,69.71,35,3,6.91,clear sky
78,Serebryanyy Bor,RU,2021-11-01 03:30:40,56.8,124.8,24.82,79,97,6.93,overcast clouds
79,Evensk,RU,2021-11-01 03:30:40,61.95,159.2333,2.21,75,26,7.7,scattered clouds
80,Bengkulu,ID,2021-11-01 03:30:41,-3.8004,102.2655,83.61,70,98,6.24,overcast clouds
81,Moreira,PT,2021-11-01 03:30:41,41.056,-8.3894,56.82,97,100,4.38,overcast clouds
82,Sept-Iles,CA,2021-11-01 03:30:41,50.2001,-66.3821,49.05,97,90,11.99,mist
83,Hambantota,LK,2021-11-01 03:30:42,6.1241,81.1185,84.54,84,20,2.3,light rain
84,Provideniya,RU,2021-11-01 03:30:42,64.3833,-173.3,17.71,57,40,6.71,scattered clouds
85,Akyab,MM,2021-11-01 03:30:42,20.15,92.9,82.51,70,72,1.07,broken clouds
86,Batsfjord,NO,2021-11-01 03:30:42,70.6345,29.7185,29.75,89,85,10.02,overcast clouds
87,Upernavik,GL,2021-11-01 03:30:43,72.7868,-56.1549,27.28,95,100,7.0,light snow
88,Burnie,AU,2021-11-01 03:30:43,-41.0667,145.9167,63.91,57,63,14.65,broken clouds
89,Zhangjiakou,CN,2021-11-01 03:26:12,40.81,114.8794,44.76,44,0,2.35,clear sky
90,Havelock,US,2021-11-01 03:30:44,34.8791,-76.9013,62.55,90,31,7.25,scattered clouds
91,Dikson,RU,2021-11-01 03:28:59,73.5069,80.5464,5.65,93,94,10.6,overcast clouds
92,Mitu,CO,2021-11-01 03:31:44,1.1983,-70.1733,72.23,99,100,2.62,overcast clouds
93,Bredasdorp,ZA,2021-11-01 03:31:44,-34.5322,20.0403,62.28,77,100,6.91,overcast clouds
94,San Quintin,MX,2021-11-01 03:31:45,30.4833,-115.95,61.93,86,16,6.24,few clouds
95,Severo-Kurilsk,RU,2021-11-01 03:31:45,50.6789,156.125,36.63,55,72,24.32,light rain
96,Dongsheng,CN,2021-11-01 03:31:45,39.8161,109.9776,44.98,33,3,9.64,clear sky
97,Saint-Francois,FR,2021-11-01 03:31:45,46.4154,3.9054,52.48,92,90,5.75,overcast clouds
98,Ntungamo,UG,2021-11-01 03:31:46,-0.8833,29.65,63.9,93,100,2.77,overcast clouds
99,Jamestown,US,2021-11-01 03:31:28,42.097,-79.2353,51.12,97,90,7.0,overcast clouds
100,Huarmey,PE,2021-11-01 03:31:46,-10.0681,-78.1522,64.06,84,16,7.16,few clouds
101,Tarakan,ID,2021-11-01 03:31:47,3.3,117.6333,85.5,70,40,9.22,scattered clouds
102,Victoria,HK,2021-11-01 03:31:47,22.2855,114.1577,82.04,76,35,11.01,scattered clouds
103,Barrow,US,2021-11-01 03:31:47,71.2906,-156.7887,21.22,86,75,10.36,broken clouds
104,San Cristobal,VE,2021-11-01 03:31:48,7.7669,-72.225,64.58,97,98,0.81,light rain
105,Broken Hill,AU,2021-11-01 03:31:48,-31.95,141.4333,80.31,10,40,11.5,scattered clouds
106,Chardara,KZ,2021-11-01 03:31:48,41.2547,67.9692,48.96,43,2,6.24,clear sky
107,Atar,MR,2021-11-01 03:31:49,20.5169,-13.0499,78.28,20,1,6.33,clear sky
108,Buala,SB,2021-11-01 03:31:49,-8.145,159.5921,83.34,74,79,6.4,moderate rain
109,Faya,SA,2021-11-01 03:31:49,18.3851,42.4509,51.91,50,7,6.87,clear sky
110,Ramnagar,IN,2021-11-01 03:31:49,29.4,79.1167,71.47,61,0,2.73,clear sky
111,Yar-Sale,RU,2021-11-01 03:31:50,66.8333,70.8333,9.23,96,100,2.19,light snow
112,Quelimane,MZ,2021-11-01 03:31:50,-17.8786,36.8883,76.95,94,75,3.44,broken clouds
113,Awbari,LY,2021-11-01 03:31:50,26.5921,12.7805,64.65,32,0,2.62,clear sky
114,Cidreira,BR,2021-11-01 03:31:51,-30.1811,-50.2056,67.46,89,7,19.77,clear sky
115,Coxim,BR,2021-11-01 03:31:51,-18.5067,-54.76,75.74,83,1,3.36,clear sky
116,Saint-Raymond,CA,2021-11-01 03:30:01,45.467,-73.6095,53.1,84,75,4.61,broken clouds
117,Rawson,AR,2021-11-01 03:30:52,-43.3002,-65.1023,47.89,76,59,15.17,broken clouds
118,Matara,LK,2021-11-01 03:31:51,5.9485,80.5353,81.73,80,100,10.29,heavy intensity rain
119,Jardim,BR,2021-11-01 03:31:52,-21.4803,-56.1381,72.46,79,6,7.11,clear sky
120,Portland,US,2021-11-01 03:31:29,45.5234,-122.6762,54.41,46,1,1.01,clear sky
121,Baran,IN,2021-11-01 03:31:52,25.1,76.5167,75.11,40,0,6.44,clear sky
122,Thompson,CA,2021-11-01 03:31:52,55.7435,-97.8558,26.76,80,75,8.05,broken clouds
123,Sambava,MG,2021-11-01 03:31:53,-14.2667,50.1667,76.75,80,30,5.03,light rain
124,Yerbogachen,RU,2021-11-01 03:31:53,61.2767,108.0108,25.41,78,100,5.39,overcast clouds
125,Ambilobe,MG,2021-11-01 03:31:53,-13.2,49.05,78.28,73,21,3.74,few clouds
126,Puerto Baquerizo Moreno,EC,2021-11-01 03:31:54,-0.9,-89.6,68.9,89,21,7.9,few clouds
127,Carnarvon,AU,2021-11-01 03:31:54,-24.8667,113.6333,71.67,60,75,17.27,broken clouds
128,Hirtshals,DK,2021-11-01 03:31:54,57.5881,9.9592,55.22,86,100,17.31,overcast clouds
129,Brae,GB,2021-11-01 03:31:54,60.3964,-1.353,49.91,86,61,17.45,broken clouds
130,Sibolga,ID,2021-11-01 03:31:55,1.7427,98.7792,83.35,71,100,3.42,overcast clouds
131,Kodiak,US,2021-11-01 03:31:55,57.79,-152.4072,42.04,90,100,2.53,overcast clouds
132,Sao Filipe,CV,2021-11-01 03:31:55,14.8961,-24.4956,79.41,76,100,8.16,overcast clouds
133,Sorland,NO,2021-11-01 03:31:56,67.667,12.6934,47.19,82,54,15.23,broken clouds
134,Tasiilaq,GL,2021-11-01 03:31:56,65.6145,-37.6368,24.96,58,3,6.44,clear sky
135,Mount Isa,AU,2021-11-01 03:31:56,-20.7333,139.5,94.77,31,23,12.66,few clouds
136,Krasnoselkup,RU,2021-11-01 03:31:57,65.7,82.4667,4.87,94,100,12.73,overcast clouds
137,Saldanha,ZA,2021-11-01 03:31:57,-33.0117,17.9442,62.65,76,96,13.96,light rain
138,Sioux Lookout,CA,2021-11-01 03:32:57,50.1001,-91.917,33.87,93,75,8.05,light rain
139,Urumqi,CN,2021-11-01 03:28:19,43.801,87.6005,40.15,75,0,0.0,clear sky
140,Tessalit,ML,2021-11-01 03:32:57,20.1986,1.0114,79.25,16,3,9.37,clear sky
141,Narsaq,GL,2021-11-01 03:30:11,60.9167,-46.05,26.82,64,28,7.34,scattered clouds
142,Iqaluit,CA,2021-11-01 03:29:01,63.7506,-68.5145,28.13,79,40,8.99,scattered clouds
143,Ponta Do Sol,PT,2021-11-01 03:30:17,32.6667,-17.1,70.72,75,44,1.01,scattered clouds
144,Kapaa,US,2021-11-01 03:30:24,22.0752,-159.319,78.78,81,90,1.01,overcast clouds
145,Ucluelet,CA,2021-11-01 03:32:58,48.9329,-125.5528,41.09,62,0,10.76,clear sky
146,Ulladulla,AU,2021-11-01 03:32:58,-35.35,150.4667,80.76,50,84,16.26,broken clouds
147,Lompoc,US,2021-11-01 03:32:32,34.6391,-120.4579,58.57,85,1,4.61,clear sky
148,Longyearbyen,SJ,2021-11-01 03:30:20,78.2186,15.6401,33.64,75,40,17.27,scattered clouds
149,Yakeshi,CN,2021-11-01 03:32:59,49.2833,120.7333,39.16,30,4,9.4,clear sky
150,Torbay,CA,2021-11-01 03:32:59,47.6666,-52.7314,46.58,93,90,14.97,mist
151,Eyl,SO,2021-11-01 03:33:00,7.9803,49.8164,78.89,76,35,15.23,scattered clouds
152,Mezen,RU,2021-11-01 03:33:00,65.8522,44.24,16.68,93,49,7.92,scattered clouds
153,Port Lincoln,AU,2021-11-01 03:30:36,-34.7333,135.8667,69.46,49,15,10.96,few clouds
154,Quarai,BR,2021-11-01 03:33:00,-30.3875,-56.4514,69.93,78,86,9.84,overcast clouds
155,Makakilo City,US,2021-11-01 03:33:01,21.3469,-158.0858,79.29,68,75,10.36,broken clouds
156,Handan,CN,2021-11-01 03:33:01,36.6006,114.4678,58.89,55,2,5.21,light rain
157,Librazhd,AL,2021-11-01 03:33:01,41.1794,20.315,38.5,78,2,4.05,clear sky
158,Stephenville,US,2021-11-01 03:33:02,32.2207,-98.2023,66.33,61,1,6.91,clear sky
159,Araguaina,BR,2021-11-01 03:33:02,-7.1911,-48.2072,79.86,63,100,3.8,overcast clouds
160,Lavrentiya,RU,2021-11-01 03:33:03,65.5833,-171.0,12.49,78,100,9.26,overcast clouds
161,Bat Khela,PK,2021-11-01 03:33:03,34.6167,71.9714,66.09,26,9,2.64,clear sky
162,Calvinia,ZA,2021-11-01 03:33:03,-31.4707,19.776,51.46,78,98,16.04,overcast clouds
163,Hamilton,US,2021-11-01 03:32:47,39.1834,-84.5333,54.12,78,90,1.01,overcast clouds
164,Roald,NO,2021-11-01 03:33:04,62.5833,6.1333,50.14,66,90,8.05,overcast clouds
165,Sumenep,ID,2021-11-01 03:33:04,-7.0167,113.8667,87.28,60,96,8.68,overcast clouds
166,Ancud,CL,2021-11-01 03:33:04,-41.8697,-73.8203,53.13,93,0,10.2,clear sky
167,Natal,BR,2021-11-01 03:32:09,-5.795,-35.2094,81.25,78,40,11.5,scattered clouds
168,Constitucion,CL,2021-11-01 03:33:05,-35.3333,-72.4167,49.84,91,68,5.88,broken clouds
169,Port Blair,IN,2021-11-01 03:33:05,11.6667,92.75,86.04,70,40,10.36,scattered clouds
170,Ukiah,US,2021-11-01 03:33:05,39.1502,-123.2078,58.44,84,90,10.36,overcast clouds
171,Trat,TH,2021-11-01 03:33:06,12.5,102.5,89.8,75,64,4.88,broken clouds
172,Comodoro Rivadavia,AR,2021-11-01 03:33:06,-45.8667,-67.5,46.26,76,0,10.36,clear sky
173,Pokhara,NP,2021-11-01 03:30:59,28.2333,83.9833,62.96,79,90,0.83,overcast clouds
174,Saint George,US,2021-11-01 03:32:07,37.1041,-113.5841,67.95,47,1,5.99,clear sky
175,Clyde River,CA,2021-11-01 03:30:15,70.4692,-68.5914,20.35,90,100,6.78,overcast clouds
176,Iracoubo,GF,2021-11-01 03:33:07,5.4802,-53.2011,79.07,82,88,7.96,overcast clouds
177,Guilin,CN,2021-11-01 03:33:07,25.2819,110.2864,62.71,93,100,4.9,overcast clouds
178,Pasighat,IN,2021-11-01 03:33:07,28.0667,95.3333,79.23,47,26,3.15,scattered clouds
179,Keetmanshoop,NA,2021-11-01 03:33:08,-26.5833,18.1333,54.09,73,0,13.73,clear sky
180,Port Arthur,CN,2021-11-01 03:33:08,38.8,121.2667,48.42,43,0,19.48,clear sky
181,Moscow,RU,2021-11-01 03:31:48,55.7522,37.6156,39.24,88,6,7.29,clear sky
182,Alofi,NU,2021-11-01 03:33:08,-19.0595,-169.9187,82.29,57,29,16.11,scattered clouds
183,Wajima,JP,2021-11-01 03:33:09,37.4,136.9,63.28,88,75,4.61,broken clouds
184,Flin Flon,CA,2021-11-01 03:30:36,54.7682,-101.865,29.73,93,99,5.97,overcast clouds
185,Shellbrook,CA,2021-11-01 03:33:09,53.2168,-106.4011,25.83,84,9,5.68,clear sky
186,Kruisfontein,ZA,2021-11-01 03:34:09,-34.0033,24.7314,60.89,87,100,19.01,overcast clouds
187,Lebu,CL,2021-11-01 03:34:10,-37.6167,-73.65,50.14,94,75,6.22,broken clouds
188,Namatanai,PG,2021-11-01 03:34:10,-3.6667,152.4333,85.5,67,70,11.63,broken clouds
189,Kysyl-Syr,RU,2021-11-01 03:34:10,63.8986,122.7617,16.99,84,100,6.15,overcast clouds
190,Sakakah,SA,2021-11-01 03:34:11,29.9697,40.2064,71.17,36,100,10.18,overcast clouds
191,Fairbanks,US,2021-11-01 03:31:01,64.8378,-147.7164,44.94,47,20,12.66,few clouds
192,Innisfail,AU,2021-11-01 03:31:42,-17.5333,146.0333,94.87,60,60,11.61,broken clouds
193,Oak Ridge,US,2021-11-01 03:34:11,36.0104,-84.2696,52.65,92,20,0.0,few clouds
194,Zhanakorgan,KZ,2021-11-01 03:34:11,43.9098,67.2495,45.93,55,16,2.77,few clouds
195,Kyrksaeterora,NO,2021-11-01 03:34:12,63.2906,9.0891,52.45,80,100,10.78,overcast clouds
196,Havre-Saint-Pierre,CA,2021-11-01 03:34:12,50.2334,-63.5986,52.39,93,90,13.8,mist
197,Labis,MY,2021-11-01 03:34:12,2.385,103.021,85.06,72,91,2.91,overcast clouds
198,Kaitangata,NZ,2021-11-01 03:34:12,-46.2817,169.8464,58.62,58,96,12.28,overcast clouds
199,Cabra,ES,2021-11-01 03:34:13,37.4725,-4.4421,67.39,88,100,4.0,overcast clouds
200,Katsuura,JP,2021-11-01 03:34:13,35.1333,140.3,68.04,74,99,6.58,overcast clouds
201,Barra Dos Coqueiros,BR,2021-11-01 03:34:13,-10.9089,-37.0386,78.82,78,40,8.05,scattered clouds
202,Talas,TR,2021-11-01 03:34:14,38.6908,35.5538,43.47,81,40,1.14,scattered clouds
203,Saqqez,IR,2021-11-01 03:34:14,36.2499,46.2735,54.48,63,99,2.24,overcast clouds
204,Poum,NC,2021-11-01 03:34:14,-20.2333,164.0167,75.88,74,1,21.94,clear sky
205,Valparaiso,CL,2021-11-01 03:34:15,-33.0393,-71.6273,58.48,74,40,0.0,scattered clouds
206,Provost,CA,2021-11-01 03:34:15,52.3501,-110.2683,26.02,59,0,1.32,clear sky
207,Carballo,ES,2021-11-01 03:34:15,43.213,-8.691,55.09,94,38,3.98,scattered clouds
208,Khatanga,RU,2021-11-01 03:32:40,71.9667,102.5,5.72,96,100,11.63,light snow
209,Viet Tri,VN,2021-11-01 03:34:15,21.3019,105.4308,69.75,92,100,0.4,overcast clouds
210,Geraldton,AU,2021-11-01 03:34:16,-28.7667,114.6,70.21,43,58,17.27,broken clouds
211,Codajas,BR,2021-11-01 03:34:16,-3.8367,-62.0569,73.92,93,99,2.15,overcast clouds
212,Wanning,CN,2021-11-01 03:34:16,18.8003,110.3967,79.11,87,46,9.01,scattered clouds
213,Meulaboh,ID,2021-11-01 03:34:17,4.1363,96.1285,84.06,67,100,3.78,overcast clouds
214,Leh,IN,2021-11-01 03:31:37,34.1667,77.5833,27.37,50,99,2.46,overcast clouds
215,Abha,SA,2021-11-01 03:34:17,18.2164,42.5053,51.62,62,0,0.0,clear sky
216,Vanderhoof,CA,2021-11-01 03:30:36,54.0166,-124.0198,26.46,69,6,2.55,clear sky
217,Keningau,MY,2021-11-01 03:34:18,5.3378,116.1602,84.65,69,99,1.86,overcast clouds
218,Paamiut,GL,2021-11-01 03:34:18,61.994,-49.6678,31.33,71,96,9.08,overcast clouds
219,San Jose,US,2021-11-01 03:31:29,37.3394,-121.895,61.09,72,75,0.0,broken clouds
220,Akdepe,TM,2021-11-01 03:34:18,42.0551,59.3788,33.89,39,0,6.2,clear sky
221,Souillac,MU,2021-11-01 03:33:54,-20.5167,57.5167,77.36,88,40,3.44,scattered clouds
222,Olafsvik,IS,2021-11-01 03:34:19,64.8945,-23.7142,34.7,69,28,16.87,scattered clouds
223,Ballina,AU,2021-11-01 03:32:31,-28.8667,153.5667,71.78,53,90,9.22,overcast clouds
224,Kula,TR,2021-11-01 03:34:19,38.5473,28.6498,51.13,93,100,1.1,light rain
225,Pevek,RU,2021-11-01 03:34:20,69.7008,170.3133,2.89,95,100,6.02,light snow
226,Paita,PE,2021-11-01 03:34:20,-5.0892,-81.1144,65.03,80,18,9.15,few clouds
227,Lata,PT,2021-11-01 03:34:20,40.1629,-8.3327,61.21,96,100,5.26,overcast clouds
228,Aasiaat,GL,2021-11-01 03:34:21,68.7098,-52.8699,32.22,95,100,12.71,light snow
229,Kalangala,UG,2021-11-01 03:34:21,-0.3089,32.225,70.43,75,96,4.94,light rain
230,Sozimskiy,RU,2021-11-01 03:34:21,59.7418,52.2482,38.5,98,100,4.65,overcast clouds
231,Novosheshminsk,RU,2021-11-01 03:35:22,55.0651,51.2338,39.33,88,35,9.8,scattered clouds
232,Lucapa,AO,2021-11-01 03:35:22,-8.4192,20.7447,64.78,98,100,3.8,light rain
233,Pombia,IT,2021-11-01 03:35:22,45.653,8.6336,51.51,95,75,3.44,mist
234,Irece,BR,2021-11-01 03:31:31,-11.3042,-41.8558,72.28,67,76,12.33,broken clouds
235,Pacific Grove,US,2021-11-01 03:31:35,36.6177,-121.9166,59.99,81,90,1.99,overcast clouds
236,Polovinnoye,RU,2021-11-01 03:35:23,54.7914,65.9864,41.5,91,100,12.82,overcast clouds
237,Deputatskiy,RU,2021-11-01 03:35:23,69.3,139.9,4.82,82,100,1.32,overcast clouds
238,Sisimiut,GL,2021-11-01 03:35:23,66.9395,-53.6735,34.48,95,89,20.07,light rain
239,Hay River,CA,2021-11-01 03:30:35,60.8156,-115.7999,31.98,74,20,10.36,few clouds
240,Camacha,PT,2021-11-01 03:35:24,33.0833,-16.3333,69.22,83,75,6.91,broken clouds
241,Fortuna,US,2021-11-01 03:31:31,40.5982,-124.1573,61.48,71,75,8.99,broken clouds
242,Bandarbeyla,SO,2021-11-01 03:35:24,9.4942,50.8122,79.2,76,65,14.72,light rain
243,Kaeo,NZ,2021-11-01 03:35:24,-35.1,173.7833,66.33,61,93,5.93,overcast clouds
244,Kamaishi,JP,2021-11-01 03:35:25,39.2667,141.8833,61.75,71,53,7.02,broken clouds
245,Nome,US,2021-11-01 03:35:25,64.5011,-165.4064,15.87,79,1,3.44,clear sky
246,Dingle,PH,2021-11-01 03:35:25,10.9995,122.6711,84.51,73,69,14.94,broken clouds
247,Kade,DE,2021-11-01 03:35:26,52.3833,12.2667,51.22,72,88,6.13,overcast clouds
248,Sawtell,AU,2021-11-01 03:35:26,-30.3833,153.1,71.92,67,90,10.36,overcast clouds
249,Elko,US,2021-11-01 03:35:26,41.0002,-115.5012,50.65,58,41,5.99,scattered clouds
250,Melton,AU,2021-11-01 03:35:26,-37.6833,144.5833,78.69,43,10,7.81,clear sky
251,Belyy Yar,RU,2021-11-01 03:35:27,53.6039,91.3903,35.49,54,0,15.66,clear sky
252,Gat,IL,2021-11-01 03:32:43,31.61,34.7642,72.39,48,100,2.95,overcast clouds
253,Reconquista,AR,2021-11-01 03:35:27,-29.15,-59.65,79.86,47,96,10.27,overcast clouds
254,Castro,BR,2021-11-01 03:35:20,-24.7911,-50.0119,57.22,97,95,7.05,overcast clouds
255,Smithers,CA,2021-11-01 03:35:28,54.7804,-127.1743,32.32,64,1,3.44,clear sky
256,Touros,BR,2021-11-01 03:30:43,-5.1989,-35.4608,81.5,78,63,14.12,broken clouds
257,Ahipara,NZ,2021-11-01 03:35:28,-35.1667,173.1667,60.89,62,38,13.2,scattered clouds
258,Bac Lieu,VN,2021-11-01 03:35:28,9.285,105.7244,86.41,69,78,15.3,broken clouds
259,Saint-Augustin,CA,2021-11-01 03:31:31,51.226,-58.6502,43.43,78,100,7.05,overcast clouds
260,Davidson,US,2021-11-01 03:31:59,36.1501,-86.7833,54.45,83,20,7.0,few clouds
261,Petrovskoye,RU,2021-11-01 03:35:29,57.0104,39.2693,37.9,89,8,8.48,clear sky
262,Kavieng,PG,2021-11-01 03:33:54,-2.5744,150.7967,85.48,69,65,14.14,broken clouds
263,Nianzishan,CN,2021-11-01 03:35:29,47.5167,122.8833,43.14,20,1,4.85,clear sky
264,Nioro,GM,2021-11-01 03:35:29,13.35,-15.75,75.25,56,51,4.79,broken clouds
265,Ginir,ET,2021-11-01 03:35:30,7.1333,40.7,57.49,82,86,4.79,light rain
266,Karratha,AU,2021-11-01 03:35:30,-20.7377,116.8463,80.13,49,6,14.58,clear sky
267,Broome,US,2021-11-01 03:35:30,42.2506,-75.833,51.84,78,90,3.0,overcast clouds
268,Bani,DO,2021-11-01 03:35:31,18.2833,-70.3333,75.27,77,4,5.75,clear sky
269,Chumikan,RU,2021-11-01 03:35:31,54.7183,135.315,34.16,41,54,20.42,broken clouds
270,Kumano,JP,2021-11-01 03:35:31,34.3442,132.5894,68.9,54,100,1.5,overcast clouds
271,Itarema,BR,2021-11-01 03:35:32,-2.9248,-39.9167,80.51,75,46,13.71,scattered clouds
272,Vardo,NO,2021-11-01 03:31:43,70.3705,31.1107,36.88,76,98,17.31,overcast clouds
273,Dudinka,RU,2021-11-01 03:35:32,69.4058,86.1778,-11.6,100,96,5.46,overcast clouds
274,Aksu,CN,2021-11-01 03:35:32,41.1231,80.2644,50.68,25,0,3.04,clear sky
275,Mbeya,TZ,2021-11-01 03:35:33,-8.9,33.45,61.54,72,18,3.51,few clouds
276,Georgetown,MY,2021-11-01 03:35:33,5.4112,100.3354,85.98,74,20,3.0,few clouds
277,Port Elizabeth,ZA,2021-11-01 03:36:33,-33.918,25.5701,63.1,94,20,20.71,few clouds
278,Bam,IR,2021-11-01 03:36:34,29.106,58.357,69.06,28,0,11.25,clear sky
279,Kumylzhenskaya,RU,2021-11-01 03:36:34,49.8809,42.5898,37.99,84,0,4.29,clear sky
280,Pisco,PE,2021-11-01 03:36:34,-13.7,-76.2167,62.65,88,0,9.22,clear sky
281,Diamantino,BR,2021-11-01 03:35:44,-14.4086,-56.4461,73.29,89,99,1.19,heavy intensity rain
282,Chara,RU,2021-11-01 03:36:35,56.9064,118.2631,27.05,59,17,1.68,few clouds
283,Verkhnevilyuysk,RU,2021-11-01 03:36:35,63.4453,120.3167,21.2,74,100,6.24,overcast clouds
284,Hazorasp,UZ,2021-11-01 03:36:35,41.3194,61.0742,31.84,40,0,7.49,clear sky
285,Luderitz,NA,2021-11-01 03:35:07,-26.6481,15.1594,61.41,68,100,7.16,overcast clouds
286,Mujiayingzi,CN,2021-11-01 03:36:36,42.1167,118.7833,44.49,53,9,1.19,clear sky
287,Saint-Joseph,RE,2021-11-01 03:36:36,-21.3667,55.6167,75.47,77,33,7.18,scattered clouds
288,Sangar,RU,2021-11-01 03:36:36,63.9242,127.4739,8.31,92,97,6.08,overcast clouds
289,Plettenberg Bay,ZA,2021-11-01 03:35:14,-34.0527,23.3716,62.04,86,89,11.52,overcast clouds
290,Mafinga,TZ,2021-11-01 03:36:37,-7.25,35.0667,70.86,73,96,2.55,overcast clouds
291,Prince Rupert,CA,2021-11-01 03:36:37,54.3161,-130.3201,53.29,50,7,16.11,clear sky
292,Nikolskoye,RU,2021-11-01 03:36:38,59.7035,30.7861,48.02,93,97,5.57,overcast clouds
293,Gotsu,JP,2021-11-01 03:36:38,35.0,132.2167,69.94,52,100,7.25,overcast clouds
294,Zavitinsk,RU,2021-11-01 03:36:38,50.1167,129.45,38.48,23,42,5.7,scattered clouds
295,Manacapuru,BR,2021-11-01 03:36:38,-3.2997,-60.6206,79.38,90,86,2.28,overcast clouds
296,Port Washington,US,2021-11-01 03:36:39,40.8257,-73.6982,58.8,74,8,5.99,clear sky
297,Marystown,CA,2021-11-01 03:36:39,47.1666,-55.1483,47.86,100,100,1.01,overcast clouds
298,Chengde,CN,2021-11-01 03:36:39,40.9725,117.9361,50.86,43,0,2.55,clear sky
299,Amapa,BR,2021-11-01 03:36:40,1.0,-52.0,71.38,99,100,1.88,overcast clouds
300,Campbell River,CA,2021-11-01 03:36:40,50.0163,-125.2446,36.93,92,1,3.44,clear sky
301,Airai,TL,2021-11-01 03:36:40,-8.9266,125.4092,78.55,42,75,2.35,broken clouds
302,Coromoro,CO,2021-11-01 03:36:41,6.2946,-73.0402,60.87,96,100,3.31,overcast clouds
303,Ellensburg,US,2021-11-01 03:36:41,46.9965,-120.5479,42.44,58,40,1.01,scattered clouds
304,Filingue,NE,2021-11-01 03:36:41,14.3521,3.3168,82.45,17,100,6.42,overcast clouds
305,Atagay,RU,2021-11-01 03:36:42,55.1033,99.3875,41.47,48,100,10.38,overcast clouds
306,Inhambane,MZ,2021-11-01 03:36:42,-23.865,35.3833,70.32,81,0,2.71,clear sky
307,Maceio,BR,2021-11-01 03:32:38,-9.6658,-35.7353,76.44,94,40,4.61,scattered clouds
308,Motygino,RU,2021-11-01 03:36:42,58.1831,94.7592,27.0,77,100,14.63,overcast clouds
309,Terney,RU,2021-11-01 03:36:43,45.0503,136.6092,45.72,79,100,6.33,overcast clouds
310,Baisha,CN,2021-11-01 03:36:43,26.5222,110.9311,59.67,96,100,2.91,overcast clouds
311,Sorkjosen,NO,2021-11-01 03:36:43,69.8,20.9333,38.52,88,100,12.28,overcast clouds
312,Ornskoldsvik,SE,2021-11-01 03:36:44,63.2909,18.7153,40.82,100,67,3.44,broken clouds
313,Padang,ID,2021-11-01 03:36:44,-0.9492,100.3543,84.25,72,100,3.62,moderate rain
314,Mackay,AU,2021-11-01 03:36:44,-21.15,149.2,79.05,83,90,21.85,overcast clouds
315,Nanning,CN,2021-11-01 03:36:44,22.8167,108.3167,66.65,86,100,3.71,overcast clouds
316,Clyde,US,2021-11-01 03:36:45,41.3042,-82.9752,50.56,76,84,12.24,broken clouds
317,Racine,US,2021-11-01 03:36:45,42.7495,-88.0751,40.68,70,4,1.01,clear sky
318,Thinadhoo,MV,2021-11-01 03:36:46,0.5333,72.9333,82.92,75,91,20.58,overcast clouds
319,Husavik,IS,2021-11-01 03:32:42,66.0449,-17.3389,33.71,99,100,19.13,light rain
320,Lorengau,PG,2021-11-01 03:36:46,-2.0226,147.2712,83.05,79,100,10.87,overcast clouds
321,Panyutyne,UA,2021-11-01 03:37:46,48.9333,36.2833,38.66,93,0,7.96,clear sky
322,Nchelenge,ZM,2021-11-01 03:37:47,-9.3451,28.734,72.52,78,100,5.77,overcast clouds
323,Maryville,US,2021-11-01 03:37:47,35.7565,-83.9705,52.48,90,40,1.01,scattered clouds
324,Bathsheba,BB,2021-11-01 03:36:36,13.2167,-59.5167,77.61,88,75,5.75,broken clouds
325,Caravelas,BR,2021-11-01 03:37:47,-17.7125,-39.2481,73.85,84,49,7.07,scattered clouds
326,Bomi,SL,2021-11-01 03:37:48,7.2461,-11.5258,71.01,97,94,2.86,overcast clouds
327,Aklavik,CA,2021-11-01 03:37:48,68.2191,-135.0107,32.83,90,100,6.62,overcast clouds
328,Manica,FR,2021-11-01 03:37:49,49.0,-1.1667,47.61,89,98,13.76,overcast clouds
329,Bahar,IR,2021-11-01 03:37:49,34.9072,48.4414,55.98,51,97,1.92,overcast clouds
330,Tambopata,PE,2021-11-01 03:37:49,-12.7333,-69.1833,74.44,82,68,2.17,broken clouds
331,Katobu,ID,2021-11-01 03:37:50,-4.9408,122.5276,91.44,51,17,0.72,few clouds
332,Ler,SS,2021-11-01 03:37:50,8.3018,30.1418,74.53,70,98,2.66,overcast clouds
333,Lohja,FI,2021-11-01 03:37:50,60.2486,24.0653,47.57,100,80,4.63,broken clouds
334,Cadillac,US,2021-11-01 03:33:20,44.2519,-85.4012,44.35,60,90,3.44,overcast clouds
335,Jega,NG,2021-11-01 03:37:51,12.2175,4.3792,74.7,27,3,6.17,clear sky
336,Ugoofaaru,MV,2021-11-01 03:37:51,5.6667,73.0,81.86,76,93,15.5,light rain
337,Lasa,IT,2021-11-01 03:37:51,46.6166,10.7002,48.94,98,97,3.62,overcast clouds
338,Mahanoro,MG,2021-11-01 03:37:52,-19.9,48.8,75.13,82,33,7.23,scattered clouds
339,Chapais,CA,2021-11-01 03:37:52,49.7834,-74.8492,40.78,97,100,8.08,overcast clouds
340,Paso De Patria,AR,2021-11-01 03:37:52,-27.2454,-58.5454,77.11,66,72,6.96,light rain
341,Kanashevo,RU,2021-11-01 03:37:53,55.2169,62.0634,45.16,84,100,12.03,overcast clouds
342,Powell,US,2021-11-01 03:33:00,40.1578,-83.0752,53.69,78,90,1.01,overcast clouds
343,Sola,VU,2021-11-01 03:37:53,-13.8833,167.55,86.67,79,75,5.75,broken clouds
344,Shagonar,RU,2021-11-01 03:37:53,51.5333,92.8,40.35,35,100,12.66,overcast clouds
345,Alghero,IT,2021-11-01 03:37:54,40.5589,8.3181,68.09,94,0,6.91,clear sky
346,Turkistan,KZ,2021-11-01 03:37:54,43.0,68.0,47.35,52,7,3.67,clear sky
347,Saint-Leu,RE,2021-11-01 03:37:54,-21.15,55.2833,75.96,80,4,1.45,clear sky
348,Kimbe,PG,2021-11-01 03:37:55,-5.5502,150.1429,84.29,76,100,2.21,moderate rain
349,Henties Bay,NA,2021-11-01 03:37:55,-22.116,14.2845,58.86,93,0,9.4,clear sky
350,Santona,ES,2021-11-01 03:37:55,43.4439,-3.4576,58.91,82,100,15.1,overcast clouds
351,La Argentina,CO,2021-11-01 03:37:56,2.1961,-75.98,60.78,97,100,3.09,overcast clouds
352,Ayan,RU,2021-11-01 03:37:56,56.45,138.1667,28.8,35,77,3.8,broken clouds
353,Maniitsoq,GL,2021-11-01 03:37:56,65.4167,-52.9,35.64,99,99,11.95,moderate rain
354,Acapulco,MX,2021-11-01 03:37:57,16.8634,-99.8901,78.62,94,20,3.44,few clouds
355,Vanavara,RU,2021-11-01 03:37:57,60.34,102.2797,26.98,91,100,5.68,light snow
356,Beyneu,KZ,2021-11-01 03:37:57,45.3167,55.2,47.68,52,0,7.0,clear sky
357,Hami,CN,2021-11-01 03:37:58,42.8,93.45,53.49,40,100,4.56,overcast clouds
358,Naerbo,NO,2021-11-01 03:37:58,58.6667,5.65,52.02,91,30,20.78,scattered clouds
359,Tombouctou,ML,2021-11-01 03:37:58,20.0,-3.0,76.01,23,1,11.14,clear sky
360,Bokoro,TD,2021-11-01 03:37:59,12.3807,17.0568,79.97,23,100,8.57,overcast clouds
361,Parasia,IN,2021-11-01 03:37:59,22.2,78.7667,71.74,35,6,5.77,clear sky
362,Cabo San Lucas,MX,2021-11-01 03:37:59,22.8909,-109.9124,78.51,79,12,4.0,few clouds
363,Amuntai,ID,2021-11-01 03:38:00,-2.4177,115.2494,88.03,61,93,2.75,overcast clouds
364,Sedro-Woolley,US,2021-11-01 03:38:00,48.5039,-122.2361,49.17,76,1,0.0,clear sky
365,Moratuwa,LK,2021-11-01 03:38:00,6.773,79.8816,78.82,80,100,11.99,overcast clouds
366,Marawi,PH,2021-11-01 03:38:01,7.9986,124.2928,75.65,72,80,7.38,broken clouds
367,Chuy,UY,2021-11-01 03:39:01,-33.6971,-53.4616,63.07,98,94,6.2,overcast clouds
368,Hirara,JP,2021-11-01 03:39:01,24.8,125.2833,82.26,65,20,10.36,few clouds
369,Muroto,JP,2021-11-01 03:39:02,33.2833,134.15,73.44,63,63,3.4,broken clouds
370,Asau,RO,2021-11-01 03:39:02,46.4333,26.4,40.95,86,0,4.27,clear sky
371,Suffolk,US,2021-11-01 03:39:03,40.8668,-72.7996,59.07,87,1,4.61,clear sky
372,Boende,CD,2021-11-01 03:39:03,-0.2167,20.8667,68.92,96,100,1.19,overcast clouds
373,Changji,CN,2021-11-01 03:39:03,44.0167,87.3167,43.59,75,0,0.0,clear sky
374,Ulaanbaatar,MN,2021-11-01 03:36:23,47.9077,106.8832,35.73,48,75,15.66,broken clouds
375,Wrzesnia,PL,2021-11-01 03:39:04,52.3251,17.5652,48.06,62,28,12.37,scattered clouds
376,Faanui,PF,2021-11-01 03:39:04,-16.4833,-151.75,79.16,73,79,17.31,broken clouds
377,Rudiskes,LT,2021-11-01 03:39:04,54.5167,24.8333,41.09,72,0,9.86,clear sky
378,Norwalk,US,2021-11-01 03:39:05,33.9022,-118.0817,65.03,82,1,0.0,clear sky
379,Teknaf,BD,2021-11-01 03:39:05,20.8624,92.3058,83.68,67,66,3.0,broken clouds
380,Kloulklubed,PW,2021-11-01 03:39:05,7.0419,134.2556,86.5,69,95,6.82,overcast clouds
381,Marsaxlokk,MT,2021-11-01 03:39:06,35.8419,14.5431,66.07,100,75,9.22,broken clouds
382,Nevel,RU,2021-11-01 03:39:06,56.0209,29.9284,38.34,80,4,5.7,clear sky
383,Tokmak,UA,2021-11-01 03:39:06,47.2514,35.7058,42.39,94,7,6.96,clear sky
384,Korla,CN,2021-11-01 03:39:07,41.7597,86.1469,53.1,22,12,4.7,few clouds
385,Balaipungut,ID,2021-11-01 03:39:07,1.05,101.2833,81.01,61,100,3.0,overcast clouds
386,Umm Kaddadah,SD,2021-11-01 03:39:07,13.6017,26.6876,79.75,21,42,12.28,scattered clouds
387,Emerald,AU,2021-11-01 03:39:07,-23.5333,148.1667,84.34,48,75,13.8,broken clouds
388,Arman,RU,2021-11-01 03:39:08,59.7,150.1667,16.75,42,0,4.23,clear sky
389,Marivan,IR,2021-11-01 03:39:08,35.5219,46.176,59.86,50,99,4.21,overcast clouds
390,Nemuro,JP,2021-11-01 03:39:08,43.3236,145.575,48.63,77,43,16.58,scattered clouds
391,Labuhan,ID,2021-11-01 03:39:09,-6.8844,112.2051,83.53,71,100,7.4,overcast clouds
392,Ust-Kuyga,RU,2021-11-01 03:39:09,70.0167,135.6,2.62,84,100,5.86,overcast clouds
393,Pafos,CY,2021-11-01 03:39:09,34.7667,32.4167,73.31,52,0,4.61,clear sky
394,Talcahuano,CL,2021-11-01 03:39:10,-36.7167,-73.1167,53.28,87,90,5.75,overcast clouds
395,Orangeburg,US,2021-11-01 03:39:10,33.4918,-80.8557,55.17,89,0,5.84,clear sky
396,Kletskaya,RU,2021-11-01 03:39:10,49.3145,43.0584,39.94,87,1,6.44,clear sky
397,Mayo,US,2021-11-01 03:39:10,38.8876,-76.5119,58.12,86,1,1.01,clear sky
398,Ternate,ID,2021-11-01 03:39:11,0.8,127.4,83.8,71,99,2.93,overcast clouds
399,Araguari,BR,2021-11-01 03:39:11,-18.6472,-48.1872,62.89,96,100,3.09,overcast clouds
400,Barreirinhas,BR,2021-11-01 03:39:11,-2.7469,-42.8264,77.13,90,97,7.47,overcast clouds
401,Bairiki,KI,2021-11-01 03:39:12,1.3292,172.9752,86.0,66,75,8.05,broken clouds
402,Verkhnyaya Toyma,RU,2021-11-01 03:39:12,62.2349,44.9985,37.99,99,100,2.86,light rain
403,Faro,PT,2021-11-01 03:39:12,37.0194,-7.9322,69.58,100,75,14.97,broken clouds
404,Malinovoye Ozero,RU,2021-11-01 03:39:13,51.6753,79.7825,32.38,70,100,12.37,overcast clouds
405,Puerto Escondido,MX,2021-11-01 03:39:13,15.85,-97.0667,79.63,61,40,8.05,scattered clouds
406,Cumpas,MX,2021-11-01 03:39:13,29.9833,-109.7833,62.89,44,0,1.86,clear sky
407,Manono,CD,2021-11-01 03:39:13,-7.3,27.4167,68.16,96,96,1.86,overcast clouds
408,Sotouboua,TG,2021-11-01 03:39:14,8.5667,0.9833,71.64,80,13,0.6,few clouds
409,Qiqihar,CN,2021-11-01 03:39:14,47.3408,123.9672,42.49,18,3,4.72,clear sky
410,Flinders,AU,2021-11-01 03:39:14,-34.5833,150.8552,76.8,62,100,5.99,overcast clouds
411,Menongue,AO,2021-11-01 03:39:15,-14.6585,17.691,61.47,86,51,5.66,broken clouds
412,Northam,GB,2021-11-01 03:39:15,51.0333,-4.2167,52.66,70,58,21.83,broken clouds
413,Ateli,IN,2021-11-01 03:39:15,28.1,76.2833,76.93,33,0,7.38,clear sky
414,Teluk Nibung,ID,2021-11-01 03:39:16,3.001,99.8164,85.78,64,100,2.66,light rain
415,Parrita,CR,2021-11-01 03:39:16,9.5201,-84.3225,81.99,91,100,1.86,overcast clouds
416,Matagami,CA,2021-11-01 03:36:42,49.7502,-77.6328,39.31,100,90,9.22,overcast clouds
417,Saraland,US,2021-11-01 03:40:16,30.8207,-88.0706,56.05,78,0,3.83,clear sky
418,Altona,DE,2021-11-01 03:40:17,53.55,9.9333,56.14,87,40,9.22,scattered clouds
419,Port Hardy,CA,2021-11-01 03:40:17,50.6996,-127.4199,51.8,65,1,4.61,clear sky
420,Pangnirtung,CA,2021-11-01 03:40:17,66.1451,-65.7125,23.88,95,100,3.49,overcast clouds
421,Auki,SB,2021-11-01 03:40:18,-8.7676,160.7034,80.62,83,100,5.12,overcast clouds
422,Khasan,RU,2021-11-01 03:40:18,42.4308,130.6434,45.9,79,100,12.37,moderate rain
423,Ruston,US,2021-11-01 03:36:06,32.5232,-92.6379,52.7,87,1,0.0,clear sky
424,Makasar,ID,2021-11-01 03:40:18,-5.14,119.4221,89.65,62,20,3.44,few clouds
425,West Bay,KY,2021-11-01 03:40:19,19.3667,-81.4167,82.47,69,40,3.0,scattered clouds
426,Issenye,TZ,2021-11-01 03:40:19,-2.0,34.3333,66.29,65,100,3.78,overcast clouds
427,Lac Du Bonnet,CA,2021-11-01 03:40:19,50.2536,-96.0612,33.51,96,100,8.75,snow
428,Charagua,BO,2021-11-01 03:40:20,-19.8,-63.2167,74.73,66,87,1.19,overcast clouds
429,Vilhena,BR,2021-11-01 03:40:11,-12.7406,-60.1458,68.58,90,100,3.04,overcast clouds
430,Kamenka,RU,2021-11-01 03:37:58,51.3223,42.7678,38.34,68,0,5.26,clear sky
431,Hot Springs,US,2021-11-01 03:40:20,34.5037,-93.0552,57.9,87,1,0.0,clear sky
432,Kermanshah,IR,2021-11-01 03:40:20,34.3142,47.065,60.51,47,97,2.17,overcast clouds
433,Naze,JP,2021-11-01 03:39:57,28.3667,129.4833,70.72,76,24,13.42,few clouds
434,Mahebourg,MU,2021-11-01 03:40:21,-20.4081,57.7,77.25,88,40,3.44,scattered clouds
435,Oranjemund,NA,2021-11-01 03:40:21,-28.55,16.4333,60.84,75,100,12.15,light rain
436,Sinjar,IQ,2021-11-01 03:40:21,36.3209,41.8754,64.04,68,90,9.95,overcast clouds
437,Bahir Dar,ET,2021-11-01 03:40:22,11.5936,37.3908,57.16,72,14,4.92,few clouds
438,Killybegs,IE,2021-11-01 03:40:22,54.6333,-8.45,44.46,76,100,26.15,moderate rain
439,Pekan Nenas,MY,2021-11-01 03:40:22,1.51,103.5141,87.78,83,100,5.44,overcast clouds
440,Hualmay,PE,2021-11-01 03:40:23,-11.0964,-77.6139,64.0,82,13,6.87,few clouds
441,Taltal,CL,2021-11-01 03:37:53,-25.4,-70.4833,59.94,84,33,1.23,scattered clouds
442,Agen,FR,2021-11-01 03:40:23,44.2,0.6333,59.5,94,0,5.75,clear sky
443,Corsicana,US,2021-11-01 03:40:07,32.0954,-96.4689,65.77,61,1,5.75,clear sky
444,Udachnyy,RU,2021-11-01 03:40:24,66.4167,112.4,6.42,84,38,16.02,scattered clouds
445,Golden,US,2021-11-01 03:40:24,39.7555,-105.2211,48.47,78,90,5.75,overcast clouds
446,Watertown,US,2021-11-01 03:37:22,42.3709,-71.1828,57.34,86,1,1.01,clear sky
447,Srednekolymsk,RU,2021-11-01 03:40:24,67.45,153.6833,-6.93,96,44,3.74,scattered clouds
448,Gedo,ET,2021-11-01 03:40:25,9.0167,37.45,47.97,84,13,3.89,few clouds
449,Vila Franca Do Campo,PT,2021-11-01 03:40:25,37.7167,-25.4333,73.2,95,100,6.17,overcast clouds
450,Haines Junction,CA,2021-11-01 03:40:05,60.7522,-137.5108,26.55,74,100,1.14,overcast clouds
451,Manggar,ID,2021-11-01 03:40:25,-2.8833,108.2667,81.03,79,100,6.15,overcast clouds
452,Irupi,BR,2021-11-01 03:40:26,-20.3453,-41.6411,63.73,98,100,2.77,overcast clouds
453,Hokitika,NZ,2021-11-01 03:40:26,-42.7167,170.9667,56.88,69,78,9.93,broken clouds
454,Sirsilla,IN,2021-11-01 03:40:26,18.3833,78.8333,77.18,49,80,5.17,broken clouds
455,Port Hedland,AU,2021-11-01 03:40:27,-20.3167,118.5667,82.45,57,40,9.22,scattered clouds
456,Hithadhoo,MV,2021-11-01 03:40:27,-0.6,73.0833,82.45,74,97,20.0,overcast clouds
457,Baruun-Urt,MN,2021-11-01 03:40:27,46.6806,113.2792,38.05,34,11,15.88,few clouds
458,San Carlos De Bariloche,AR,2021-11-01 03:40:28,-41.1456,-71.3082,51.55,40,40,4.61,scattered clouds
459,Rendsburg,DE,2021-11-01 03:40:28,54.3,9.6667,54.34,67,100,5.01,overcast clouds
460,Cabimas,VE,2021-11-01 03:40:28,10.3883,-71.4399,78.89,83,99,8.84,overcast clouds
461,Sayyan,YE,2021-11-01 03:40:29,15.1718,44.3244,50.34,52,4,5.68,clear sky
462,Vieste,IT,2021-11-01 03:40:29,41.8825,16.175,55.9,80,100,13.31,overcast clouds
463,Berlevag,NO,2021-11-01 03:40:29,70.8578,29.0864,34.21,81,90,16.37,overcast clouds
464,Tyret Pervaya,RU,2021-11-01 03:40:30,53.6703,102.3106,35.29,85,100,9.75,light rain
465,Ushtobe,KZ,2021-11-01 03:41:30,45.2514,77.9838,48.02,40,98,16.17,overcast clouds
466,Ndele,CF,2021-11-01 03:41:30,8.4109,20.6473,70.75,72,83,2.77,broken clouds
467,Lagoa,PT,2021-11-01 03:41:31,39.05,-27.9833,68.23,92,100,10.16,overcast clouds
468,Sosua,DO,2021-11-01 03:41:31,19.7667,-70.5167,78.78,100,20,0.0,few clouds
469,Te Anau,NZ,2021-11-01 03:41:31,-45.4167,167.7167,51.04,83,99,6.42,overcast clouds
470,Punto Fijo,VE,2021-11-01 03:41:31,11.6956,-70.1996,80.19,75,99,18.61,overcast clouds
471,Nargana,PA,2021-11-01 03:41:32,9.4428,-78.5906,78.35,86,100,9.31,overcast clouds
472,Ilulissat,GL,2021-11-01 03:38:58,69.2167,-51.1,32.02,86,90,14.97,light snow
473,Leshukonskoye,RU,2021-11-01 03:41:32,64.8989,45.7622,19.98,93,94,6.29,overcast clouds
474,Cristobal Obregon,MX,2021-11-01 03:41:32,16.35,-93.5333,70.86,99,83,2.64,broken clouds
475,Ekhabi,RU,2021-11-01 03:41:33,53.5102,142.9671,31.96,57,36,11.1,scattered clouds
476,Tual,ID,2021-11-01 03:41:33,-5.6667,132.75,84.06,71,90,6.89,overcast clouds
477,Chipinge,ZW,2021-11-01 03:41:33,-20.1883,32.6236,63.36,76,13,2.42,few clouds
478,Arlit,NE,2021-11-01 03:41:34,18.7369,7.3853,78.87,22,31,7.4,scattered clouds
479,Takoradi,GH,2021-11-01 03:36:37,4.8845,-1.7554,77.18,88,100,10.38,overcast clouds
480,Yumen,CN,2021-11-01 03:37:16,40.2833,97.2,49.32,23,100,15.61,overcast clouds
481,Afua,BR,2021-11-01 03:41:34,-0.1567,-50.3867,76.28,93,84,5.21,broken clouds
482,Kumphawapi,TH,2021-11-01 03:41:34,17.1087,103.0149,87.69,69,83,6.55,broken clouds
483,Santa Fe,AR,2021-11-01 03:39:14,-31.6333,-60.7,74.75,78,69,3.0,broken clouds
484,Monte Alegre,BR,2021-11-01 03:41:35,-2.0078,-54.0692,78.22,77,81,3.15,broken clouds
485,Milagres,BR,2021-11-01 03:41:35,-7.3133,-38.9456,83.17,51,89,3.04,overcast clouds
486,Vestmannaeyjar,IS,2021-11-01 03:41:35,63.4427,-20.2734,37.67,69,15,27.09,few clouds
487,Codrington,AU,2021-11-01 03:41:36,-38.2667,141.9667,63.1,68,0,12.15,clear sky
488,Anadyr,RU,2021-11-01 03:41:36,64.75,177.4833,-7.1,77,76,13.42,broken clouds
489,Moindou,NC,2021-11-01 03:41:36,-21.6924,165.677,75.15,70,51,19.15,broken clouds
490,Goirle,NL,2021-11-01 03:41:37,51.5167,5.05,50.22,86,21,5.01,few clouds
491,Boden,SE,2021-11-01 03:41:37,65.8252,21.6886,35.6,100,100,3.91,overcast clouds
492,Kawalu,ID,2021-11-01 03:41:37,-7.3817,108.2082,83.53,74,99,2.91,overcast clouds
493,Shchelkun,RU,2021-11-01 03:41:37,56.3034,60.9483,42.37,85,100,10.22,overcast clouds
494,Cockburn Town,TC,2021-11-01 03:40:44,21.4612,-71.1419,81.88,68,97,9.26,overcast clouds
495,Tura,IN,2021-11-01 03:41:38,25.5198,90.2201,75.18,51,0,0.85,clear sky
496,Margate,GB,2021-11-01 03:41:38,51.3813,1.3862,51.66,74,84,3.0,broken clouds
497,Kanigoro,ID,2021-11-01 03:41:38,-8.13,112.219,77.67,86,100,3.0,overcast clouds
498,Khazar,RU,2021-11-01 03:41:39,41.9974,48.3332,55.8,86,84,8.77,broken clouds
499,Salta,AR,2021-11-01 03:39:15,-24.7859,-65.4117,70.39,76,75,1.99,broken clouds
500,Ketchikan,US,2021-11-01 03:41:39,55.3422,-131.6461,36.07,87,1,0.0,clear sky
501,Teluknaga,ID,2021-11-01 03:41:39,-6.0989,106.6381,92.17,79,40,5.75,moderate rain
502,Paso De Carrasco,UY,2021-11-01 03:41:40,-34.8603,-56.0522,62.74,94,90,11.5,light intensity drizzle
503,Grants Pass,US,2021-11-01 03:40:08,42.439,-123.3284,58.44,91,1,1.01,clear sky
504,Omihachiman,JP,2021-11-01 03:41:40,35.1286,136.0976,71.58,70,100,0.63,overcast clouds
505,Muisne,EC,2021-11-01 03:41:40,0.6,-80.0333,75.88,79,89,4.23,overcast clouds
506,Suhindol,BG,2021-11-01 03:41:41,43.1917,25.1811,43.27,89,16,1.72,few clouds
507,Boralday,KZ,2021-11-01 03:41:41,43.3578,76.8594,42.66,65,75,4.47,broken clouds
508,Montbrison,FR,2021-11-01 03:41:41,45.6667,4.0833,52.14,88,100,4.03,light rain
509,Mecca,SA,2021-11-01 03:40:05,21.4267,39.8261,79.39,55,1,1.1,clear sky
510,Zharkent,KZ,2021-11-01 03:37:32,44.1628,80.0,46.89,60,100,2.91,overcast clouds
511,Sao Miguel Do Tapuio,BR,2021-11-01 03:41:42,-5.5036,-41.3233,78.12,56,78,4.0,broken clouds
512,Yerofey Pavlovich,RU,2021-11-01 03:41:42,53.9667,121.9667,32.61,38,97,3.11,overcast clouds
513,Volchikha,RU,2021-11-01 03:41:42,52.0333,80.3833,30.02,75,100,12.1,overcast clouds
514,Pangody,RU,2021-11-01 03:42:43,65.85,74.4859,-2.96,99,67,5.35,broken clouds
515,Goma,CD,2021-11-01 03:42:43,-1.6792,29.2228,63.32,86,100,2.62,overcast clouds
516,Bilibino,RU,2021-11-01 03:42:43,68.0546,166.4372,-24.09,100,99,1.79,overcast clouds
517,Harbour Breton,CA,2021-11-01 03:42:44,47.4833,-55.7983,48.0,86,100,18.23,overcast clouds
518,Alugan,PH,2021-11-01 03:42:44,12.2188,125.4808,82.53,79,54,13.2,broken clouds
519,Soyo,AO,2021-11-01 03:42:44,-6.1349,12.3689,77.05,84,100,10.51,overcast clouds
520,Puerto Madryn,AR,2021-11-01 03:40:50,-42.7692,-65.0385,48.96,79,100,13.56,overcast clouds
521,Tarnos,FR,2021-11-01 03:42:45,43.5417,-1.4628,58.14,100,75,5.75,light rain
522,Pandan,PH,2021-11-01 03:42:45,14.0453,124.1694,84.15,69,51,11.9,broken clouds
523,Tres Arroyos,AR,2021-11-01 03:42:46,-38.3739,-60.2798,50.47,82,100,5.95,overcast clouds
524,Komsomolskiy,UZ,2021-11-01 03:42:46,40.4272,71.7189,45.32,65,6,4.61,clear sky
525,Tianpeng,CN,2021-11-01 03:42:46,30.9866,103.9393,63.63,67,100,1.57,overcast clouds
526,Littleton,US,2021-11-01 03:42:46,39.6133,-105.0166,49.26,74,90,8.05,overcast clouds
527,Bom Jesus,BR,2021-11-01 03:42:47,-9.0744,-44.3586,78.76,46,82,2.98,broken clouds
528,Katherine,AU,2021-11-01 03:42:47,-14.4667,132.2667,95.32,28,0,9.22,clear sky
529,Palmer,US,2021-11-01 03:42:47,42.1584,-72.3287,55.81,79,75,1.01,broken clouds
530,Kui Buri,TH,2021-11-01 03:42:48,12.0828,99.8543,86.0,70,98,4.99,overcast clouds
531,Teguldet,RU,2021-11-01 03:42:48,57.3064,88.1667,19.2,74,100,10.89,overcast clouds
532,Komatipoort,ZA,2021-11-01 03:42:48,-25.4332,31.9548,66.99,82,0,3.8,clear sky
533,Saint-Pierre,RE,2021-11-01 03:42:49,-21.3393,55.4781,77.58,59,0,2.3,clear sky
534,Astoria,US,2021-11-01 03:40:02,46.1879,-123.8313,54.93,60,20,0.0,few clouds
535,Kesan,TR,2021-11-01 03:42:49,40.8558,26.6303,52.29,90,97,5.32,overcast clouds
536,Inirida,CO,2021-11-01 03:42:49,3.8653,-67.9239,73.6,98,96,2.91,overcast clouds
537,Arroio Dos Ratos,BR,2021-11-01 03:42:50,-30.0772,-51.7292,70.43,98,3,3.24,clear sky
538,Bakel,SN,2021-11-01 03:42:50,14.905,-12.4568,82.51,26,71,2.73,broken clouds
539,Tagusao,PH,2021-11-01 03:42:50,9.1924,117.8141,85.37,68,100,6.87,overcast clouds
540,Baicheng,CN,2021-11-01 03:42:51,45.6167,122.8167,43.21,15,0,2.15,clear sky
541,Luwuk,ID,2021-11-01 03:42:51,-0.9516,122.7875,87.57,65,14,3.44,few clouds
542,Kulhudhuffushi,MV,2021-11-01 03:42:52,6.6221,73.07,80.56,81,100,13.42,overcast clouds
543,Sao Gabriel Da Cachoeira,BR,2021-11-01 03:42:52,-0.1303,-67.0892,73.35,95,81,1.66,broken clouds
544,Cody,US,2021-11-01 03:42:52,44.5263,-109.0565,31.3,73,90,9.22,overcast clouds
545,Gawler,AU,2021-11-01 03:42:53,-34.6,138.7333,84.25,25,0,1.3,clear sky
546,Torrington,US,2021-11-01 03:42:53,41.8007,-73.1212,55.83,92,42,1.01,scattered clouds
547,Seidu,SL,2021-11-01 03:42:53,9.0167,-10.6,67.95,96,88,2.62,light rain
548,Calabozo,VE,2021-11-01 03:42:53,8.9242,-67.4293,74.41,92,100,3.91,overcast clouds
549,Kutum,SD,2021-11-01 03:42:54,14.2,24.6667,71.67,25,28,9.51,scattered clouds
550,Cozumel,MX,2021-11-01 03:42:54,20.5083,-86.9458,79.0,74,40,5.99,scattered clouds
551,Talnakh,RU,2021-11-01 03:38:35,69.4865,88.3972,-13.25,98,87,4.34,overcast clouds
552,Port Pirie,AU,2021-11-01 03:42:54,-33.1833,138.0167,80.69,20,25,11.63,scattered clouds
553,Guerrero Negro,MX,2021-11-01 03:42:55,27.9769,-114.0611,63.37,86,0,9.75,clear sky
554,Kano,NG,2021-11-01 03:42:55,12.0001,8.5167,58.89,77,0,2.3,clear sky
555,Merta,IN,2021-11-01 03:42:55,26.65,74.0333,77.65,25,0,7.85,clear sky
556,Whitianga,NZ,2021-11-01 03:42:56,-36.8333,175.7,65.1,54,76,2.24,broken clouds
557,Sar-E Pul,AF,2021-11-01 03:43:56,35.8333,66.1667,43.23,56,8,1.1,clear sky
558,Letterkenny,IE,2021-11-01 03:43:56,54.95,-7.7333,47.21,91,100,20.13,moderate rain
559,Lac-Megantic,CA,2021-11-01 03:43:57,45.5834,-70.8823,48.22,96,100,10.51,overcast clouds
560,Murgab,TM,2021-11-01 03:43:57,37.4966,61.9714,39.07,81,0,4.61,clear sky
561,Pustoshka,RU,2021-11-01 03:43:57,56.3355,29.369,38.19,88,8,5.39,clear sky
562,Arenapolis,BR,2021-11-01 03:43:58,-14.4503,-56.8461,72.18,84,97,1.81,overcast clouds
563,Solnechnyy,RU,2021-11-01 03:43:58,50.7214,136.6319,37.71,45,4,5.82,clear sky
564,Riyadh,SA,2021-11-01 03:40:57,24.6877,46.7219,62.74,27,0,3.33,clear sky
565,Teya,RU,2021-11-01 03:43:58,60.3778,92.6267,21.11,83,99,9.26,overcast clouds
566,Kartarpur,IN,2021-11-01 03:43:58,31.44,75.4997,71.47,40,0,10.4,clear sky
567,Sulina,RO,2021-11-01 03:43:59,45.1559,29.6536,51.35,81,65,4.9,broken clouds
568,Urubicha,BO,2021-11-01 03:43:59,-15.3833,-62.95,78.21,51,36,2.8,scattered clouds
569,Dali,CN,2021-11-01 03:43:59,25.7,100.1833,66.11,48,4,4.7,clear sky
570,Mbaiki,CF,2021-11-01 03:44:00,3.8678,17.9892,69.49,96,100,2.77,overcast clouds
571,Phonhong,LA,2021-11-01 03:44:00,18.5007,102.4166,85.82,71,81,0.11,broken clouds
572,San Ignacio,BZ,2021-11-01 03:44:00,17.1561,-89.0714,71.74,88,0,4.61,clear sky
573,Izumo,JP,2021-11-01 03:44:01,35.3667,132.7667,69.75,52,75,9.22,broken clouds
574,Weyburn,CA,2021-11-01 03:44:01,49.6668,-103.8511,28.62,69,21,6.91,few clouds
575,Yulara,AU,2021-11-01 03:44:01,-25.2406,130.9889,84.04,42,0,6.91,clear sky
576,Mayumba,GA,2021-11-01 03:44:02,-3.432,10.6554,76.48,88,100,10.45,moderate rain
577,Minas,UY,2021-11-01 03:44:02,-34.3759,-55.2377,61.27,96,99,8.63,overcast clouds
578,Semnan,IR,2021-11-01 03:44:02,35.5729,53.3971,60.12,51,5,1.1,clear sky
579,Nichinan,JP,2021-11-01 03:44:03,31.6,131.3667,74.35,64,85,7.63,overcast clouds
580,Soc Trang,VN,2021-11-01 03:44:03,9.6033,105.98,85.96,65,97,13.49,overcast clouds
581,Kudahuvadhoo,MV,2021-11-01 03:44:03,2.6708,72.8944,83.25,74,16,21.3,few clouds
582,Christchurch,NZ,2021-11-01 03:40:34,-43.5333,172.6333,63.32,67,54,8.01,broken clouds
583,Pangai,TO,2021-11-01 03:44:04,-19.8,-174.35,80.71,61,20,13.8,few clouds
584,Sanok,PL,2021-11-01 03:44:04,49.5557,22.2056,34.41,70,0,7.16,clear sky
585,Feijo,BR,2021-11-01 03:44:04,-8.1642,-70.3536,73.83,92,80,2.64,broken clouds
586,Mbalmayo,CM,2021-11-01 03:44:05,3.5167,11.5,67.96,99,93,4.14,light rain
587,Mtimbira,TZ,2021-11-01 03:44:05,-8.7833,36.35,74.84,75,21,3.09,few clouds
588,Westport,US,2021-11-01 03:43:14,41.1415,-73.3579,58.98,89,20,7.0,few clouds
589,Beruwala,LK,2021-11-01 03:44:06,6.4788,79.9828,80.69,79,100,8.79,overcast clouds
590,Los Llanos De Aridane,ES,2021-11-01 03:44:06,28.6585,-17.9182,70.12,23,0,8.99,clear sky
591,Bose,IT,2021-11-01 03:44:06,45.4612,8.0137,49.21,97,100,1.72,overcast clouds
592,Alakurtti,RU,2021-11-01 03:44:07,66.9672,30.3491,34.63,97,100,11.45,overcast clouds
593,Maldonado,UY,2021-11-01 03:44:07,-34.6667,-54.9167,61.99,96,100,4.72,overcast clouds
594,Darhan,MN,2021-11-01 03:44:07,49.4867,105.9228,40.82,46,100,8.52,overcast clouds
595,Mana,GF,2021-11-01 03:44:07,5.6592,-53.7767,77.7,87,37,7.11,scattered clouds
596,Marsa Matruh,EG,2021-11-01 03:44:08,31.3525,27.2453,64.6,82,0,17.27,clear sky
597,Polunochnoye,RU,2021-11-01 03:44:08,60.8697,60.4153,18.7,94,100,7.14,overcast clouds
598,Santa Marta,CO,2021-11-01 03:44:08,11.2408,-74.199,78.85,83,75,4.61,broken clouds
599,Ferrol,ES,2021-11-01 03:44:09,43.4832,-8.2369,55.92,70,36,12.26,scattered clouds
600,Lynn Haven,US,2021-11-01 03:44:09,30.2455,-85.6483,60.96,86,1,4.61,clear sky
601,Suleja,NG,2021-11-01 03:44:09,9.1758,7.1808,70.21,73,10,0.67,clear sky
602,Tonota,BW,2021-11-01 03:45:10,-21.4833,27.4833,65.89,69,0,8.72,clear sky
603,Lermontovka,RU,2021-11-01 03:45:10,47.1453,134.3383,45.32,34,2,2.91,clear sky
604,Griffith,US,2021-11-01 03:45:10,41.5284,-87.4237,46.11,67,1,3.44,clear sky
605,Egvekinot,RU,2021-11-01 03:45:10,66.3167,-179.1667,-4.99,86,72,6.58,broken clouds
606,Palana,RU,2021-11-01 03:45:11,59.1167,159.9667,14.32,90,99,5.14,light snow
607,Tuatapere,NZ,2021-11-01 03:45:11,-46.1333,167.6833,55.26,74,94,11.59,overcast clouds
608,Ojinaga,MX,2021-11-01 03:45:11,29.5667,-104.4167,76.15,29,1,13.8,clear sky
609,Salmas,IR,2021-11-01 03:45:12,38.1973,44.7653,41.99,72,88,1.28,overcast clouds
610,White Rock,CA,2021-11-01 03:42:58,49.0164,-122.8026,48.56,77,0,1.14,clear sky
611,Bellevue,US,2021-11-01 03:42:46,47.6104,-122.2007,50.04,70,1,1.01,clear sky
612,Bualan,PH,2021-11-01 03:45:12,7.75,124.2667,78.94,71,86,3.49,overcast clouds
613,Odweyne,SO,2021-11-01 03:45:00,9.4092,45.064,70.14,58,52,9.48,broken clouds
614,Road Town,VG,2021-11-01 03:45:13,18.4167,-64.6167,79.0,68,6,12.64,clear sky
615,Coquimbo,CL,2021-11-01 03:44:19,-29.9533,-71.3436,56.93,88,75,2.3,broken clouds
616,Viedma,AR,2021-11-01 03:45:13,-40.8135,-62.9967,47.23,83,100,4.65,overcast clouds
617,Redmond,US,2021-11-01 03:43:03,47.674,-122.1215,50.34,71,4,1.01,clear sky
618,Channel-Port Aux Basques,CA,2021-11-01 03:45:13,47.5702,-59.1367,50.14,94,100,32.86,overcast clouds
619,Beringovskiy,RU,2021-11-01 03:45:14,63.05,179.3167,3.97,91,69,12.64,broken clouds
620,Mumford,GH,2021-11-01 03:45:14,5.2618,-0.759,78.58,86,93,13.2,overcast clouds
621,Nouadhibou,MR,2021-11-01 03:41:16,20.931,-17.0347,66.18,94,100,10.36,overcast clouds
622,Roebourne,AU,2021-11-01 03:45:14,-20.7833,117.1333,81.16,47,0,15.88,clear sky
623,Biloela,AU,2021-11-01 03:45:15,-24.4167,150.5,84.83,30,76,8.37,broken clouds
624,Vao,NC,2021-11-01 03:45:15,-22.6667,167.4833,71.71,77,21,22.41,few clouds
625,Alice Springs,AU,2021-11-01 03:43:12,-23.7,133.8833,83.75,42,26,4.61,scattered clouds
626,Pedernales,DO,2021-11-01 03:45:15,18.0384,-71.744,79.25,73,1,2.55,clear sky
627,Port-Gentil,GA,2021-11-01 03:45:16,-0.7193,8.7815,77.61,87,100,11.05,moderate rain
628,Sandakan,MY,2021-11-01 03:45:16,5.8402,118.1179,82.08,83,40,3.0,thunderstorm
629,Cabangahan,PH,2021-11-01 03:45:16,9.0781,122.9469,85.48,68,76,10.36,broken clouds
630,Ramsar,IR,2021-11-01 03:45:17,36.9226,50.6426,54.84,94,40,2.3,scattered clouds
631,Diego De Almagro,CL,2021-11-01 03:41:28,-26.3667,-70.05,59.67,36,0,2.75,clear sky
632,Pathein,MM,2021-11-01 03:45:17,16.7833,94.7333,84.13,75,100,3.78,overcast clouds
633,Mayor Pablo Lagerenza,PY,2021-11-01 03:45:17,-19.9309,-60.7718,78.39,64,15,4.94,few clouds
634,Adilcevaz,TR,2021-11-01 03:45:18,38.8039,42.7342,51.51,80,100,2.53,overcast clouds
635,Valle De Allende,MX,2021-11-01 03:45:18,26.9333,-105.4,64.53,36,96,1.59,overcast clouds
636,Sioux Falls,US,2021-11-01 03:42:11,43.55,-96.7003,32.95,74,1,3.44,clear sky
637,Ipatovo,RU,2021-11-01 03:45:18,45.7181,42.9036,51.78,89,100,11.95,overcast clouds
638,Grindavik,IS,2021-11-01 03:45:19,63.8424,-22.4338,35.55,80,75,21.85,broken clouds
639,Santa Lucia,ES,2021-11-01 03:45:19,27.9117,-15.5407,61.11,76,40,14.97,scattered clouds
640,Mocuba,MZ,2021-11-01 03:45:19,-16.8392,36.9856,76.01,81,99,0.81,overcast clouds
641,Sirpur,IN,2021-11-01 03:45:20,19.4833,79.6,73.67,52,92,6.24,overcast clouds
642,Nakhon Luang,TH,2021-11-01 03:45:20,14.4628,100.6083,89.33,78,88,5.37,overcast clouds
643,Borovoy,RU,2021-11-01 03:45:20,55.4333,86.0833,24.08,86,90,8.95,overcast clouds
644,Bogorodskoye,RU,2021-11-01 03:45:20,56.55,37.8833,37.35,86,7,8.32,clear sky
645,Vostok,RU,2021-11-01 03:45:21,46.4856,135.8833,43.77,45,6,3.42,clear sky
646,Birao,CF,2021-11-01 03:45:21,10.2849,22.7882,73.44,43,87,1.03,overcast clouds
647,Eldorado,BR,2021-11-01 03:45:21,-23.7869,-54.2836,69.08,90,0,4.59,clear sky
648,Poya,NC,2021-11-01 03:46:22,-21.35,165.15,77.79,65,40,13.78,scattered clouds
649,Kropotkin,RU,2021-11-01 03:46:22,45.4375,40.5756,46.49,93,97,8.28,overcast clouds
650,Laguna,US,2021-11-01 03:45:14,38.421,-121.4238,62.24,79,1,0.0,clear sky
651,Colares,PT,2021-11-01 03:46:22,38.7992,-9.4469,67.68,86,96,5.99,overcast clouds
652,Shahrud,IR,2021-11-01 03:46:23,36.4182,54.9763,56.93,44,19,3.85,few clouds
653,Creston,US,2021-11-01 03:46:23,41.0586,-94.3614,39.85,69,1,4.61,clear sky
654,Zhigansk,RU,2021-11-01 03:43:44,66.7697,123.3711,6.6,94,96,15.86,overcast clouds
655,El Tular,MX,2021-11-01 03:46:23,18.1583,-93.35,69.75,85,28,5.06,scattered clouds
656,Urengoy,RU,2021-11-01 03:46:24,65.9667,78.3667,-4.4,98,45,10.33,scattered clouds
657,Tortoli,IT,2021-11-01 03:46:24,39.9256,9.6572,61.99,77,20,4.61,few clouds
658,Imbituba,BR,2021-11-01 03:42:30,-28.24,-48.6703,69.69,95,82,7.85,broken clouds
659,Severo-Yeniseyskiy,RU,2021-11-01 03:46:25,60.3725,93.0408,18.45,88,100,9.95,light snow
660,Havoysund,NO,2021-11-01 03:46:25,70.9963,24.6622,38.28,82,94,17.18,overcast clouds
661,Kahului,US,2021-11-01 03:46:26,20.8947,-156.47,80.62,74,40,5.75,scattered clouds
662,Skoghall,SE,2021-11-01 03:46:26,59.3232,13.4655,46.96,100,90,13.8,moderate rain
663,Denpasar,ID,2021-11-01 03:43:42,-8.65,115.2167,85.66,83,40,4.61,scattered clouds
664,Bonfim,BR,2021-11-01 03:46:26,3.0833,-59.95,78.4,78,67,6.64,broken clouds
665,North Platte,US,2021-11-01 03:45:13,41.1239,-100.7654,33.69,94,90,0.0,light snow
666,Sangre Grande,TT,2021-11-01 03:46:27,10.5835,-61.1177,78.19,87,98,4.21,overcast clouds
667,Hammerfest,NO,2021-11-01 03:46:27,70.6634,23.6821,37.85,75,92,9.22,overcast clouds
668,Alta Floresta,BR,2021-11-01 03:46:28,-9.8756,-56.0861,70.84,99,100,1.36,light rain
669,Buraydah,SA,2021-11-01 03:46:29,26.326,43.975,66.65,28,14,8.01,few clouds
670,Moron,AR,2021-11-01 03:46:29,-34.6534,-58.6198,62.35,90,91,5.01,overcast clouds
671,Liepaja,LV,2021-11-01 03:46:29,56.5419,21.0367,48.25,81,23,8.05,few clouds
672,Kongolo,CD,2021-11-01 03:46:29,-5.3833,27.0,68.52,96,100,2.37,overcast clouds
